,RCDTS,School Name,District,City,County,District Type,School Type,Grades Served,% Student Enrollment -Male,% Student Enrollment - Female,% Student Enrollment - White,% Student Enrollment - Black or African American,% Student Enrollment - Hispanic or Latino,% Student Enrollment - Children with Disabilities,% Student Enrollment - IEP,% Student Enrollment - Never EL,% Student Enrollment - Low Income,% Student Enrollment - Homeless,% Teachers - White,% Teachers - Hispanic or Latino,% Out-of-Field Teachers,% 9th Grade on Track - White,% 9th Grade on Track - Children with Disabilities,% 9th Grade on Track - IEP,% CRDC School Related Arrests,school_id,school_name,district,county,school_type,grades_served,year,y_chronic_abs,y_ela_prof,y_grad_4yr,y_math_prof,x_ap_coursework,x_attendance_rate,x_dropout_rate,x_enrollment,x_mobility_rate,x_pct_asian,x_pct_black,x_pct_el,x_pct_hispanic,x_pct_homeless,x_pct_iep,x_pct_low_income,x_pct_white,x_suspension_rate,x_teacher_attendance,x_teacher_retention
0,07-016-2180-16-0007,A B Shepard High Sch (Campus),CHSD 218,Palos Heights,Cook,High School District,High School,9 - 12,53.5,,34.3,24.4,34.2,18.1,16.9,74.2,66.8,1.3,84.2,7.9,4.4,89.8,83.5,82.8,0.0,07-016-2180-16-0007,A B Shepard High Sch (Campus),CHSD 218,Cook,High School,12-Sep,2024,32.8,23.0,83.1,19.5,505.0,90.5,3.0,1843.0,7.3,1.4,23.2,11.0,31.1,0.7,14.9,60.6,41.5,12.8,66.7,94.9
1,15-016-2990-25-074C,ASPIRA Charter - Early College Prep HS,Chicago Public Schools District 299,Chicago,Cook,Unit District,High School,9 - 12,53.2,46.8,,,95.7,14.4,14.4,17.6,92.1,3.6,33.3,38.1,,,100.0,100.0,0.0,15-016-2990-25-074C,ASPIRA Charter - Early College Prep HS,Chicago Public Schools District 299,Cook,High School,12-Sep,2024,57.6,,89.1,,88.0,84.2,,255.0,26.0,,,60.0,95.3,12.9,18.0,89.8,,0.6,74.6,0.0
2,15-016-2990-25-085C,Acero Chtr Sch Network -  Major Hector P Garcia MD H S,Chicago Public Schools District 299,Chicago,Cook,Unit District,High School,9 - 12,56.3,43.7,,,97.3,17.6,17.6,16.5,89.6,2.9,62.4,31.6,,,92.1,92.1,0.0,15-016-2990-25-085C,Acero Chtr Sch Network -  Major Hector P Garcia MD H S,Chicago Public Schools District 299,Cook,High School,12-Sep,2024,49.0,7.3,88.8,,195.0,85.5,2.7,615.0,13.6,,,43.6,97.1,,17.6,89.1,2.0,1.7,100.0,84.4
3,15-016-2990-25-086C,Acero Chtr Sch Network Victoria Soto Campus,Chicago Public Schools District 299,Chicago,Cook,Unit District,High School,9 - 12,51.4,48.6,,,99.6,16.5,16.5,15.0,98.7,4.2,65.1,27.6,,,95.0,95.0,0.0,15-016-2990-25-086C,Acero Chtr Sch Network Victoria Soto Campus,Chicago Public Schools District 299,Cook,High School,12-Sep,2024,56.5,,91.0,,0.0,83.0,1.9,564.0,6.2,,,51.6,99.1,2.8,16.8,95.0,,1.4,99.5,88.6
4,15-016-2990-25-049C,Acero Chtr Sch Network- Sor Juana Ines de la Cruz K-12,Chicago Public Schools District 299,Chicago,Cook,Unit District,High School,K - 12,53.5,46.5,2.5,50.9,42.1,18.8,18.5,49.5,89.8,7.2,66.4,21.0,,,,,0.0,15-016-2990-25-049C,Acero Chtr Sch Network- Sor Juana Ines de la Cruz K-12,Chicago Public Schools District 299,Cook,High School,K - 12,2024,33.6,14.5,86.7,5.3,18.0,90.6,,501.0,18.2,,48.7,43.3,44.5,2.8,17.4,93.0,2.8,1.5,100.0,84.6
5,15-016-2990-25-0848,Air Force Acad High School,Chicago Public Schools District 299,Chicago,Cook,Unit District,High School,9 - 12,50.0,50.0,,55.4,40.0,18.5,18.5,60.8,87.7,,31.3,5.7,16.6,,90.9,90.9,0.0,15-016-2990-25-0848,Air Force Acad High School,Chicago Public Schools District 299,Cook,High School,12-Sep,2024,52.0,,86.5,,40.0,84.5,,116.0,22.6,,58.6,25.9,36.2,,19.8,84.5,,4.0,49.3,95.5
6,15-016-2990-25-0849,Alcott College Prep,Chicago Public Schools District 299,Chicago,Cook,Unit District,High School,9 - 12,63.0,37.0,13.9,15.0,66.9,36.2,35.9,48.2,73.8,7.5,71.8,11.9,6.6,,80.6,80.6,0.0,15-016-2990-25-0849,Alcott College Prep,Chicago Public Schools District 299,Cook,High School,12-Sep,2024,56.2,16.8,88.0,14.0,61.0,85.2,,367.0,9.2,,16.3,31.9,64.0,8.2,35.7,76.8,16.3,4.8,57.1,84.9
7,07-016-2300-13-0002,Amos Alonzo Stagg High School,Cons HSD 230,Palos Hills,Cook,High School District,High School,9 - 12,50.0,,54.6,3.9,21.7,11.5,11.5,48.9,29.4,1.4,95.0,3.2,9.2,98.0,94.6,94.6,0.0,07-016-2300-13-0002,Amos Alonzo Stagg High School,Cons HSD 230,Cook,High School,12-Sep,2024,25.3,31.4,93.1,28.6,844.0,91.8,1.6,2526.0,6.3,3.8,3.8,14.1,17.8,1.1,11.4,35.9,72.9,10.7,75.4,95.3
8,15-016-2990-25-0001,Amundsen High School,Chicago Public Schools District 299,Chicago,Cook,Unit District,High School,9 - 12,54.1,45.9,45.6,6.5,37.0,26.3,16.0,69.2,35.1,,72.2,11.9,12.1,91.8,81.8,80.4,0.0,15-016-2990-25-0001,Amundsen High School,Chicago Public Schools District 299,Cook,High School,12-Sep,2024,49.7,38.6,86.8,38.7,10.0,85.4,2.3,1500.0,7.5,6.6,7.1,14.0,39.4,,15.5,38.9,41.7,3.2,60.0,92.3
9,07-016-2170-16-0001,Argo Community High School,Argo CHSD 217,Summit,Cook,High School District,High School,9 - 12,50.5,,28.2,11.3,54.1,16.7,11.9,42.4,64.2,1.8,84.6,10.5,0.7,83.6,84.7,86.4,0.0,07-016-2170-16-0001,Argo Community High School,Argo CHSD 217,Cook,High School,12-Sep,2024,24.8,16.8,85.3,16.4,724.0,92.3,3.1,1771.0,9.3,2.6,9.5,23.5,54.6,,13.6,67.8,32.4,0.0,55.2,96.0
10,15-016-2990-25-079C,Aspira Charter - Business and Finance HS,Chicago Public Schools District 299,Chicago,Cook,Unit District,High School,9 - 12,49.4,50.6,,5.7,91.4,22.3,22.3,21.6,83.6,3.3,45.9,45.9,,,90.5,90.5,0.0,15-016-2990-25-079C,Aspira Charter - Business and Finance HS,Chicago Public Schools District 299,Cook,High School,12-Sep,2024,63.6,,89.6,,148.0,81.9,2.4,477.0,13.2,,4.0,52.8,93.7,3.8,23.3,81.8,,7.1,57.4,75.0
11,15-016-2990-25-0844,Austin College and Career Academy High School,Chicago Public Schools District 299,Chicago,Cook,Unit District,High School,9 - 12,51.0,49.0,,81.4,17.2,20.7,17.2,85.5,86.2,22.1,42.1,15.6,48.4,,,,0.0,15-016-2990-25-0844,Austin College and Career Academy High School,Chicago Public Schools District 299,Cook,High School,12-Sep,2024,84.9,,52.0,,30.0,67.4,10.2,170.0,46.1,,90.0,7.1,10.0,20.6,24.1,84.7,,12.6,27.3,69.2
12,15-016-2990-25-0014,Back of The Yards IB HS,Chicago Public Schools District 299,Chicago,Cook,Unit District,High School,9 - 12,46.9,53.1,,1.5,96.6,9.5,9.5,13.3,93.0,,46.0,43.8,7.3,,88.2,88.2,0.0,15-016-2990-25-0014,Back of The Yards IB HS,Chicago Public Schools District 299,Cook,High School,12-Sep,2024,44.6,16.9,90.7,16.9,124.0,86.3,3.1,1000.0,2.7,1.3,1.5,37.5,95.9,,9.0,93.3,1.0,0.0,64.1,81.1
13,07-016-2060-17-0001,Bloom High School,Bloom Twp HSD 206,Chicago Heights,Cook,High School District,High School,9 - 12,53.3,46.7,2.3,39.5,56.4,12.6,12.6,57.5,81.9,,62.8,14.0,9.5,,92.2,92.2,0.0,07-016-2060-17-0001,Bloom High School,Bloom Twp HSD 206,Cook,High School,12-Sep,2024,48.4,9.9,88.6,6.4,252.0,86.2,2.9,1767.0,19.4,,38.9,25.4,56.4,,12.8,84.2,2.8,0.0,50.3,92.5
14,07-016-2060-17-0002,Bloom Trail High School,Bloom Twp HSD 206,Chicago Heights,Cook,High School District,High School,9 - 12,49.1,50.9,9.9,59.1,28.0,18.8,18.8,82.8,81.1,,74.6,4.1,8.4,85.7,73.1,73.1,0.0,07-016-2060-17-0002,Bloom Trail High School,Bloom Twp HSD 206,Cook,High School,12-Sep,2024,48.1,7.1,85.2,3.4,162.0,86.4,4.6,1270.0,22.1,,57.6,10.5,28.2,0.9,19.3,82.4,10.6,0.0,56.7,83.5
15,15-016-2990-25-0003,Bogan High School,Chicago Public Schools District 299,Chicago,Cook,Unit District,High School,9 - 12,49.1,50.9,,51.3,46.6,26.0,23.0,62.8,85.0,2.5,44.9,21.7,31.2,,88.6,90.6,0.0,15-016-2990-25-0003,Bogan High School,Chicago Public Schools District 299,Cook,High School,12-Sep,2024,65.6,6.0,69.0,,0.0,81.7,7.5,575.0,19.1,,52.9,22.6,44.7,2.3,25.4,81.9,,7.8,50.0,93.2
16,15-016-2990-25-0824,Bowen High School,Chicago Public Schools District 299,Chicago,Cook,Unit District,High School,9 - 12,57.8,42.2,,63.9,34.8,27.0,25.7,67.8,93.5,34.8,58.6,4.9,28.9,,,,0.0,15-016-2990-25-0824,Bowen High School,Chicago Public Schools District 299,Cook,High School,12-Sep,2024,74.1,,59.3,,50.0,75.6,8.6,175.0,48.6,,76.6,15.4,22.9,37.1,31.4,95.4,,14.4,29.4,84.4
17,07-016-2280-16-0001,Bremen High School,Bremen CHSD 228,Midlothian,Cook,High School District,High School,9 - 12,51.9,48.1,10.4,21.5,65.6,19.8,14.1,53.9,39.0,1.4,75.8,1.1,3.7,100.0,96.0,97.6,0.8,07-016-2280-16-0001,Bremen High School,Bremen CHSD 228,Cook,High School,12-Sep,2024,32.8,15.0,89.4,11.8,277.0,90.4,1.7,1422.0,9.7,1.1,21.4,24.8,65.4,2.0,12.7,38.5,10.1,0.0,81.4,95.4
18,15-016-2990-25-0834,Bronzeville Scholastic HS,Chicago Public Schools District 299,Chicago,Cook,Unit District,High School,9 - 12,49.1,50.9,,92.9,,29.5,29.5,,91.1,25.0,32.3,10.7,9.8,,,,0.0,15-016-2990-25-0834,Bronzeville Scholastic HS,Chicago Public Schools District 299,Cook,High School,12-Sep,2024,63.9,,76.9,,0.0,84.8,,105.0,10.7,,92.4,,,51.4,27.6,95.2,,1.6,43.8,68.8
19,15-016-2990-25-0788,Brooks College Prep Academy HS,Chicago Public Schools District 299,Chicago,Cook,Unit District,High School,7 - 12,42.3,57.7,2.1,78.7,17.9,7.0,6.9,89.5,59.0,3.3,50.2,17.6,9.6,,93.8,93.8,0.0,15-016-2990-25-0788,Brooks College Prep Academy HS,Chicago Public Schools District 299,Cook,High School,12-Jul,2024,48.7,68.0,91.4,48.9,625.0,87.7,,971.0,1.9,,78.7,,18.6,3.0,7.6,63.6,1.4,0.4,55.9,96.4
20,05-016-2140-17-0008,Buffalo Grove High School,Township HSD 214,Buffalo Grove,Cook,High School District,High School,9 - 12,51.9,48.1,53.8,,30.1,20.1,10.1,48.2,24.5,2.1,85.7,5.7,5.3,95.3,87.9,82.5,0.1,05-016-2140-17-0008,Buffalo Grove High School,Township HSD 214,Cook,High School,12-Sep,2024,29.4,38.3,91.9,39.2,917.0,90.2,1.5,1917.0,9.3,11.0,1.7,20.6,31.6,1.8,8.8,24.3,52.3,1.5,77.9,94.4
21,15-016-2990-25-082C,CICS - Northtown  Campus,Chicago Public Schools District 299,Chicago,Cook,Unit District,High School,9 - 12,52.4,47.6,13.5,7.2,58.4,19.5,19.5,27.3,74.5,,82.3,7.9,,87.1,82.1,82.1,0.0,15-016-2990-25-082C,CICS - Northtown  Campus,Chicago Public Schools District 299,Cook,High School,12-Sep,2024,45.9,20.6,90.9,15.4,295.0,86.9,1.4,836.0,6.9,15.8,6.6,37.8,60.9,,21.4,70.5,14.4,0.0,30.9,81.7
22,15-016-2990-25-083C,CICS - Ralph Ellison Campus,Chicago Public Schools District 299,Chicago,Cook,Unit District,High School,9 - 12,45.1,54.9,,96.9,,21.0,21.0,98.7,84.4,19.2,29.5,,,,66.7,66.7,0.0,15-016-2990-25-083C,CICS - Ralph Ellison Campus,Chicago Public Schools District 299,Cook,High School,12-Sep,2024,73.7,,73.5,,0.0,76.5,7.0,201.0,24.5,,96.5,,,16.4,18.9,80.1,,0.0,37.5,72.2
23,07-016-2300-13-0001,Carl Sandburg High School,Cons HSD 230,Orland Park,Cook,High School District,High School,9 - 12,51.8,,57.7,6.6,15.3,11.6,11.5,71.0,19.1,0.7,95.6,2.7,7.0,99.1,98.6,98.6,0.0,07-016-2300-13-0001,Carl Sandburg High School,Cons HSD 230,Cook,High School,12-Sep,2024,18.6,40.4,94.9,33.4,1359.0,93.2,0.6,2847.0,3.3,6.4,6.8,8.9,14.1,0.7,11.9,21.6,70.6,5.4,84.8,96.8
24,15-016-2990-25-0006,Carver Military Academy HS,Chicago Public Schools District 299,Chicago,Cook,Unit District,High School,9 - 12,54.0,46.0,,41.7,55.4,14.0,14.0,60.2,81.2,5.3,41.3,12.9,23.1,,84.2,84.2,0.0,15-016-2990-25-0006,Carver Military Academy HS,Chicago Public Schools District 299,Cook,High School,12-Sep,2024,57.9,,81.9,,67.0,84.8,3.8,407.0,6.7,,40.5,19.9,57.5,5.9,13.5,76.2,,10.1,31.1,78.8
25,15-016-2990-25-0820,Chicago Academy High School,Chicago Public Schools District 299,Chicago,Cook,Unit District,High School,9 - 12,53.1,46.9,15.8,4.7,76.6,17.6,17.6,34.1,77.0,2.3,58.7,31.1,9.1,87.0,94.7,94.7,0.0,15-016-2990-25-0820,Chicago Academy High School,Chicago Public Schools District 299,Cook,High School,12-Sep,2024,40.1,14.9,93.4,10.6,221.0,88.3,,553.0,4.4,,4.5,27.1,76.1,1.8,19.2,78.7,16.1,1.8,69.1,87.8
26,15-016-2990-25-0772,Chicago HS for Agricult Sciences,Chicago Public Schools District 299,Chicago,Cook,Unit District,High School,9 - 12,51.1,,21.8,51.8,23.9,24.9,24.9,87.4,56.7,,73.7,11.1,2.3,97.3,95.6,95.6,0.0,15-016-2990-25-0772,Chicago HS for Agricult Sciences,Chicago Public Schools District 299,Cook,High School,12-Sep,2024,33.5,27.3,82.8,14.0,175.0,90.0,2.1,762.0,1.7,,51.2,5.6,23.0,,23.4,47.5,23.8,0.0,44.6,97.1
27,15-016-2990-25-0851,Chicago HS for the Arts,Chicago Public Schools District 299,Chicago,Cook,Unit District,High School,9 - 12,,76.4,16.6,38.5,40.9,12.9,12.9,75.0,58.0,,67.7,23.1,100.0,95.2,92.3,92.3,0.0,15-016-2990-25-0851,Chicago HS for the Arts,Chicago Public Schools District 299,Cook,High School,12-Sep,2024,19.0,32.6,90.1,11.8,192.0,93.0,1.6,601.0,4.5,1.7,35.8,7.3,40.6,,10.1,54.7,19.3,0.0,100.0,
28,15-016-2990-25-0795,Chicago Military Academy HS,Chicago Public Schools District 299,Chicago,Cook,Unit District,High School,9 - 12,64.2,35.8,,70.1,26.9,17.9,17.9,76.6,68.2,8.0,26.9,18.5,11.7,,87.5,87.5,0.0,15-016-2990-25-0795,Chicago Military Academy HS,Chicago Public Schools District 299,Cook,High School,12-Sep,2024,66.2,,68.4,,45.0,81.2,,209.0,10.5,,63.6,16.3,33.5,13.4,13.4,81.3,,10.7,47.6,80.6
29,15-016-2990-25-0850,Chicago Technology Academy HS,Chicago Public Schools District 299,Chicago,Cook,Unit District,High School,9 - 12,57.8,42.2,,86.9,11.2,19.8,19.8,92.7,92.7,17.6,,,100.0,,76.9,76.9,0.0,15-016-2990-25-0850,Chicago Technology Academy HS,Chicago Public Schools District 299,Cook,High School,12-Sep,2024,58.4,,90.7,,25.0,83.7,2.6,365.0,9.3,,85.5,6.3,12.6,20.0,20.0,92.6,,0.2,100.0,73.0
30,15-016-2990-25-0526,Chicago Vocational Career Acad HS,Chicago Public Schools District 299,Chicago,Cook,Unit District,High School,9 - 12,46.4,53.6,,87.7,10.7,29.6,29.1,88.6,95.8,40.7,24.7,4.4,11.4,,95.2,97.6,0.0,15-016-2990-25-0526,Chicago Vocational Career Acad HS,Chicago Public Schools District 299,Cook,High School,12-Sep,2024,44.9,,64.8,,34.0,84.1,5.2,568.0,28.5,,93.7,4.9,4.4,35.0,30.5,85.7,,0.0,46.4,89.3
31,15-016-2990-25-0827,Clark Acad Prep Magnet High Schl,Chicago Public Schools District 299,Chicago,Cook,Unit District,High School,9 - 12,54.2,45.8,,,,23.9,23.9,,89.8,5.9,42.6,6.1,25.5,,67.5,67.5,0.0,15-016-2990-25-0827,Clark Acad Prep Magnet High Schl,Chicago Public Schools District 299,Cook,High School,12-Sep,2024,82.8,,82.2,,0.0,74.9,3.5,391.0,8.0,,97.4,,,6.1,21.2,99.2,,2.5,34.3,75.5
32,15-016-2990-25-0545,Clemente Community Academy HS,Chicago Public Schools District 299,Chicago,Cook,Unit District,High School,9 - 12,55.7,44.3,2.8,25.7,69.8,22.3,19.9,45.6,88.3,43.2,45.7,30.0,16.2,,96.8,96.3,0.0,15-016-2990-25-0545,Clemente Community Academy HS,Chicago Public Schools District 299,Cook,High School,12-Sep,2024,77.0,6.0,64.1,,55.0,73.5,4.4,741.0,30.4,,26.7,44.7,68.8,39.9,21.1,90.4,3.0,6.2,56.3,83.3
33,15-016-2990-25-0841,Collins Academy STEAM High School,Chicago Public Schools District 299,Chicago,Cook,Unit District,High School,9 - 12,50.0,50.0,,98.0,,23.0,23.0,,97.4,35.2,55.0,7.5,21.0,,76.5,76.5,0.0,15-016-2990-25-0841,Collins Academy STEAM High School,Chicago Public Schools District 299,Cook,High School,12-Sep,2024,75.2,,74.1,,0.0,75.9,,210.0,17.6,,95.2,,,19.0,22.9,97.6,,0.8,39.3,86.1
34,15-016-2990-25-0543,Corliss High School,Chicago Public Schools District 299,Chicago,Cook,Unit District,High School,9 - 12,57.9,42.1,,85.5,12.8,23.2,21.6,88.5,88.5,10.7,15.5,11.7,24.5,,54.8,54.8,0.0,15-016-2990-25-0543,Corliss High School,Chicago Public Schools District 299,Cook,High School,12-Sep,2024,71.9,,74.4,,42.0,77.5,4.2,279.0,21.1,,92.5,5.4,6.8,12.2,26.5,91.0,,0.0,52.5,83.9
35,15-016-2990-25-0052,Crane Medical Prep HS,Chicago Public Schools District 299,Chicago,Cook,Unit District,High School,9 - 12,37.9,62.1,,81.9,17.0,13.5,13.5,86.2,86.9,8.9,50.8,16.0,13.3,,,,0.0,15-016-2990-25-0052,Crane Medical Prep HS,Chicago Public Schools District 299,Cook,High School,12-Sep,2024,85.9,,84.7,,68.0,73.3,,264.0,31.6,,88.3,,10.2,,10.2,89.4,,15.7,56.7,65.0
36,15-016-2990-25-0617,Curie Metropolitan High School,Chicago Public Schools District 299,Chicago,Cook,Unit District,High School,9 - 12,48.9,51.1,1.3,8.1,88.0,13.9,11.3,32.2,84.9,2.1,45.3,34.4,12.9,84.6,65.3,63.3,0.0,15-016-2990-25-0617,Curie Metropolitan High School,Chicago Public Schools District 299,Cook,High School,12-Sep,2024,70.4,9.2,76.4,8.7,839.0,77.0,5.3,2898.0,8.0,2.0,8.8,30.2,87.4,2.2,10.9,86.8,1.2,0.5,42.1,90.0
37,07-016-2180-16-0001,DD Eisenhower High Sch (Campus),CHSD 218,Blue Island,Cook,High School District,High School,9 - 12,53.4,,6.8,27.3,63.2,20.5,19.9,56.6,84.6,3.2,81.0,14.2,4.6,86.4,85.2,87.9,0.0,07-016-2180-16-0001,DD Eisenhower High Sch (Campus),CHSD 218,Cook,High School,12-Sep,2024,40.9,13.5,74.7,9.1,366.0,88.5,3.6,1806.0,12.5,0.7,28.7,22.6,61.1,3.1,21.5,82.6,7.3,14.1,64.4,93.6
38,15-016-2990-25-0832,Devry Advantage Academy High Schl,Chicago Public Schools District 299,Chicago,Cook,Unit District,High School,11 - 12,52.6,47.4,12.5,34.9,43.4,,,65.1,69.1,,84.7,15.3,79.8,,,,0.0,15-016-2990-25-0832,Devry Advantage Academy High Schl,Chicago Public Schools District 299,Cook,High School,12-Nov,2024,30.1,31.1,100.0,25.7,157.0,91.6,,130.0,,,30.0,9.2,49.2,,,71.5,11.5,1.2,71.4,75.0
39,15-016-2990-25-0053,Disney II Magnet HS,Chicago Public Schools District 299,Chicago,Cook,Unit District,High School,7 - 12,46.5,53.5,18.1,18.7,56.6,16.9,16.6,64.0,45.7,5.0,69.3,17.2,6.4,95.5,100.0,100.0,0.0,15-016-2990-25-0053,Disney II Magnet HS,Chicago Public Schools District 299,Cook,High School,12-Jul,2024,57.5,38.3,95.3,14.4,192.0,84.5,2.4,737.0,2.1,3.9,20.8,12.8,55.8,6.5,15.3,61.6,17.1,2.4,57.6,78.8
40,15-016-2990-25-0831,Douglass Academy High School,Chicago Public Schools District 299,Chicago,Cook,Unit District,High School,9 - 12,51.9,48.1,,,,,,,92.6,37.0,39.2,4.2,10.9,,,,0.0,15-016-2990-25-0831,Douglass Academy High School,Chicago Public Schools District 299,Cook,High School,12-Sep,2024,62.2,,,,0.0,83.3,,35.0,,,97.1,,,,,100.0,,0.0,42.9,76.9
41,15-016-2990-25-0531,Dunbar Vocational Career Acad HS,Chicago Public Schools District 299,Chicago,Cook,Unit District,High School,9 - 12,43.2,56.8,,96.7,,19.3,19.3,98.2,97.6,10.9,16.7,10.0,7.1,,73.3,73.3,0.0,15-016-2990-25-0531,Dunbar Vocational Career Acad HS,Chicago Public Schools District 299,Cook,High School,12-Sep,2024,84.7,,72.4,,0.0,71.9,9.5,366.0,9.9,,95.6,,3.6,8.2,22.7,84.4,,0.2,37.8,85.7
42,15-016-2990-25-015C,EPIC Academy High School,Chicago Public Schools District 299,Chicago,Cook,Unit District,High School,9 - 12,54.3,45.7,,52.3,46.5,18.5,18.5,58.0,95.1,11.1,7.8,8.3,,,76.9,76.9,0.0,15-016-2990-25-015C,EPIC Academy High School,Chicago Public Schools District 299,Cook,High School,12-Sep,2024,64.9,,77.9,,4.0,82.5,4.6,268.0,12.6,,54.9,25.4,41.8,20.1,20.1,91.8,,0.0,92.7,88.0
43,06-016-2120-16-0001,East Leyden High School,Leyden CHSD 212,Franklin Park,Cook,High School District,High School,9 - 12,50.1,49.9,33.8,1.5,60.7,9.0,9.0,44.2,54.8,1.1,88.2,,2.6,83.7,75.6,75.6,0.0,06-016-2120-16-0001,East Leyden High School,Leyden CHSD 212,Cook,High School,12-Sep,2024,34.3,24.5,85.3,25.9,453.0,88.7,2.4,1826.0,20.0,2.6,1.3,25.5,59.4,2.0,8.8,37.4,35.2,18.4,71.9,93.7
44,05-016-2140-17-0002,Elk Grove High School,Township HSD 214,Elk Grove Village,Cook,High School District,High School,9 - 12,51.4,,36.8,1.9,48.3,15.7,8.8,40.8,38.4,0.6,73.1,11.7,2.1,99.4,89.9,85.7,0.2,05-016-2140-17-0002,Elk Grove High School,Township HSD 214,Cook,High School,12-Sep,2024,32.6,28.0,91.1,22.6,670.0,89.4,1.8,1843.0,13.7,8.5,2.3,25.4,48.9,1.4,8.4,39.6,37.2,4.9,76.2,94.3
45,06-016-4010-26-0001,Elmwood Park High School,Elmwood Park CUSD 401,Elmwood Park,Cook,Unit District,High School,9 - 12,49.3,50.7,34.7,2.6,58.4,11.7,11.6,49.5,59.6,,90.3,5.5,5.1,85.7,91.7,91.7,0.0,06-016-4010-26-0001,Elmwood Park High School,Elmwood Park CUSD 401,Cook,High School,12-Sep,2024,36.7,25.9,87.8,19.9,175.0,89.5,2.0,991.0,11.0,1.9,2.6,22.2,59.3,,12.2,41.9,34.7,0.0,64.5,80.6
46,15-016-2990-25-0867,Englewood STEM High School,Chicago Public Schools District 299,Chicago,Cook,Unit District,High School,9 - 12,49.8,50.2,,78.6,20.3,21.6,19.8,80.0,83.1,9.4,39.6,16.3,34.0,,83.3,82.8,0.0,15-016-2990-25-0867,Englewood STEM High School,Chicago Public Schools District 299,Cook,High School,12-Sep,2024,87.1,,62.1,,0.0,65.4,7.8,605.0,24.4,,84.8,10.2,14.4,5.0,22.1,89.1,,13.8,38.5,72.1
47,05-016-2020-17-0001,Evanston Twp High School,Evanston Twp HSD 202,Evanston,Cook,High School District,High School,9 - 12,51.0,48.1,43.9,22.9,20.7,31.0,11.6,79.4,34.8,1.9,64.4,8.5,10.6,96.7,87.2,85.4,0.0,05-016-2020-17-0001,Evanston Twp High School,Evanston Twp HSD 202,Cook,High School,12-Sep,2024,20.9,53.2,93.2,44.2,1133.0,92.6,2.2,3483.0,11.2,4.5,23.9,10.0,20.2,2.3,10.5,37.0,44.4,3.2,86.4,94.8
48,07-016-2310-16-0001,Evergreen Park High School,Evergreen Park CHSD 231,Evergreen Park,Cook,High School District,High School,9 - 12,49.3,50.7,33.6,30.6,31.4,22.1,13.0,76.2,26.7,1.3,91.6,1.3,16.3,95.5,89.1,88.5,0.0,07-016-2310-16-0001,Evergreen Park High School,Evergreen Park CHSD 231,Cook,High School,12-Sep,2024,19.0,29.9,92.8,25.2,209.0,93.1,,889.0,4.4,,32.1,7.1,31.3,,11.5,30.5,33.3,19.4,83.3,94.4
49,15-016-2990-25-0011,Farragut Career Academy HS,Chicago Public Schools District 299,Chicago,Cook,Unit District,High School,9 - 12,56.7,43.3,,11.1,87.5,29.8,26.2,35.0,95.5,7.8,48.3,47.4,19.6,,75.0,69.6,0.0,15-016-2990-25-0011,Farragut Career Academy HS,Chicago Public Schools District 299,Cook,High School,12-Sep,2024,84.6,,59.8,,43.0,65.0,6.9,490.0,24.0,,10.0,42.0,88.8,7.6,25.1,95.3,,0.0,42.2,87.3
50,15-016-2990-25-0012,Fenger Academy High School,Chicago Public Schools District 299,Chicago,Cook,Unit District,High School,9 - 12,52.2,47.8,,92.0,6.5,27.4,24.4,,86.6,27.4,29.1,9.9,36.7,,83.3,,0.0,15-016-2990-25-0012,Fenger Academy High School,Chicago Public Schools District 299,Cook,High School,12-Sep,2024,77.7,,58.5,,0.0,73.7,7.6,203.0,32.8,,96.6,,,25.6,22.7,85.7,,6.5,68.9,52.2
51,15-016-2990-25-0013,Foreman High School,Chicago Public Schools District 299,Chicago,Cook,Unit District,High School,9 - 12,54.3,45.7,4.0,12.3,81.9,24.4,19.5,28.8,89.5,6.2,55.3,31.6,26.3,,73.1,73.7,0.0,15-016-2990-25-0013,Foreman High School,Chicago Public Schools District 299,Cook,High School,12-Sep,2024,68.9,,52.7,,3.0,73.9,7.2,615.0,23.4,,14.8,51.9,80.2,6.2,18.9,89.9,4.1,0.0,38.5,82.9
52,15-016-2990-25-0015,Gage Park High School,Chicago Public Schools District 299,Chicago,Cook,Unit District,High School,9 - 12,51.1,48.9,,,80.9,19.8,17.6,27.4,94.5,21.3,34.5,29.3,22.4,,,,0.0,15-016-2990-25-0015,Gage Park High School,Chicago Public Schools District 299,Cook,High School,12-Sep,2024,82.2,,62.8,,34.0,73.4,7.9,346.0,30.8,,28.3,50.9,70.2,25.1,17.6,94.5,,3.0,60.6,83.3
53,05-016-2250-17-0001,Glenbrook North High School,Glenbrook HSD 225,Northbrook,Cook,High School District,High School,9 - 12,50.9,49.1,66.0,0.9,5.2,28.8,12.9,81.1,4.6,,91.9,,8.6,98.8,96.1,93.4,0.0,05-016-2250-17-0001,Glenbrook North High School,Glenbrook HSD 225,Cook,High School,12-Sep,2024,12.0,66.0,96.6,69.7,600.0,94.4,,2033.0,9.0,21.9,0.8,3.2,5.1,,13.2,4.4,66.5,1.0,74.5,95.2
54,05-016-2250-17-0002,Glenbrook South High School,Glenbrook HSD 225,Glenview,Cook,High School District,High School,9 - 12,53.0,47.0,54.1,1.7,15.6,23.4,9.9,68.0,20.4,0.8,87.3,3.5,7.9,99.1,94.1,92.6,0.0,05-016-2250-17-0002,Glenbrook South High School,Glenbrook HSD 225,Cook,High School,12-Sep,2024,19.4,58.7,93.4,54.3,1023.0,92.6,0.9,2957.0,7.9,22.2,1.8,11.5,15.8,0.8,10.3,19.2,55.3,3.1,73.0,94.9
55,15-016-2990-25-0861,Goode STEM Academy HS,Chicago Public Schools District 299,Chicago,Cook,Unit District,High School,9 - 12,51.6,48.4,1.2,31.0,67.1,17.4,17.4,48.3,82.0,1.4,50.5,21.1,10.8,,58.3,58.3,0.0,15-016-2990-25-0861,Goode STEM Academy HS,Chicago Public Schools District 299,Cook,High School,12-Sep,2024,48.7,7.5,87.3,6.2,62.0,86.6,2.2,951.0,3.3,,31.2,23.8,67.8,2.3,17.2,78.8,,10.8,29.5,90.9
56,07-016-2180-16-0004,H L Richards High Sch(Campus),CHSD 218,Oak Lawn,Cook,High School District,High School,9 - 12,51.4,,32.4,21.4,33.1,14.2,13.2,64.3,61.1,1.3,88.5,5.3,3.4,93.5,78.1,81.0,0.0,07-016-2180-16-0004,H L Richards High Sch(Campus),CHSD 218,Cook,High School,12-Sep,2024,29.5,22.2,81.7,21.0,443.0,91.1,3.2,1601.0,8.6,1.9,21.6,18.2,31.0,1.0,13.7,64.2,43.3,4.3,61.4,91.4
57,15-016-2990-25-0779,Hancock College Preparatory HS,Chicago Public Schools District 299,Chicago,Cook,Unit District,High School,9 - 12,46.9,53.1,6.9,1.3,89.3,5.4,5.4,40.7,64.6,,62.2,29.6,6.9,100.0,,,0.0,15-016-2990-25-0779,Hancock College Preparatory HS,Chicago Public Schools District 299,Cook,High School,12-Sep,2024,31.1,61.8,97.1,52.0,407.0,91.3,,1024.0,,,1.3,4.4,90.0,,5.3,62.0,6.4,0.7,63.2,92.5
58,15-016-2990-25-0016,Harlan Community Academy HS,Chicago Public Schools District 299,Chicago,Cook,Unit District,High School,9 - 12,57.8,42.2,,93.2,,27.3,23.0,93.8,92.5,17.4,39.7,,24.3,,,,0.0,15-016-2990-25-0016,Harlan Community Academy HS,Chicago Public Schools District 299,Cook,High School,12-Sep,2024,80.4,,64.1,,0.0,72.7,11.0,206.0,32.6,,94.2,5.3,5.3,11.7,18.4,93.2,,0.3,30.0,73.3
59,07-016-2280-16-0003,Hillcrest High School,Bremen CHSD 228,Country Club Hills,Cook,High School District,High School,9 - 12,48.9,51.1,,88.1,9.3,18.3,14.5,94.0,52.9,6.1,54.3,,9.2,,94.4,94.1,0.0,07-016-2280-16-0003,Hillcrest High School,Bremen CHSD 228,Cook,High School,12-Sep,2024,46.9,6.9,82.8,4.8,130.0,87.4,4.6,1089.0,18.5,,89.3,2.0,7.3,7.2,13.2,54.2,,0.0,88.3,90.1
60,15-016-2990-25-0019,Hirsch Metropolitan High School,Chicago Public Schools District 299,Chicago,Cook,Unit District,High School,9 - 12,59.2,40.8,,89.3,,19.4,17.5,89.3,71.8,,17.7,,28.0,,,,0.0,15-016-2990-25-0019,Hirsch Metropolitan High School,Chicago Public Schools District 299,Cook,High School,12-Sep,2024,81.0,,47.8,,7.0,70.0,8.6,105.0,50.0,,92.4,,,16.2,23.8,81.9,,16.7,47.4,83.3
61,05-016-2110-17-0006,Hoffman Estates High School,Township HSD 211,Hoffman Estates,Cook,High School District,High School,9 - 12,50.8,49.2,27.1,9.7,37.4,16.7,9.4,45.6,52.5,1.1,78.3,7.6,4.4,95.7,97.1,93.1,1.7,05-016-2110-17-0006,Hoffman Estates High School,Township HSD 211,Cook,High School,12-Sep,2024,20.0,36.8,92.7,31.3,659.0,92.8,1.4,2055.0,10.5,19.6,10.8,17.1,36.7,1.5,9.7,52.2,27.9,5.0,83.5,97.4
62,07-016-2330-16-0001,Homewood-Flossmoor High School,Homewood Flossmoor CHSD 233,Flossmoor,Cook,High School District,High School,9 - 12,52.2,,11.6,73.8,9.8,12.5,12.5,94.4,15.4,1.4,74.8,3.9,1.3,96.6,86.4,86.4,0.0,07-016-2330-16-0001,Homewood-Flossmoor High School,Homewood Flossmoor CHSD 233,Cook,High School,12-Sep,2024,34.4,26.1,95.3,17.8,329.0,89.2,1.5,2751.0,4.7,0.5,73.6,2.0,9.7,1.5,13.0,13.7,12.3,10.8,58.8,89.8
63,15-016-2990-25-0020,Hubbard High School,Chicago Public Schools District 299,Chicago,Cook,Unit District,High School,9 - 12,52.5,47.5,1.0,4.2,94.5,16.0,12.8,26.5,95.3,5.4,43.3,41.7,15.6,,72.3,68.6,0.0,15-016-2990-25-0020,Hubbard High School,Chicago Public Schools District 299,Cook,High School,12-Sep,2024,77.9,7.5,78.3,5.6,519.0,77.4,4.6,1666.0,11.4,,3.8,35.2,94.1,5.1,12.9,93.5,1.5,0.0,42.5,91.6
64,15-016-2990-25-0021,Hyde Park Academy High School,Chicago Public Schools District 299,Chicago,Cook,Unit District,High School,9 - 12,50.6,49.4,,96.8,1.8,20.6,19.4,97.6,98.3,5.2,26.6,6.8,17.6,,78.0,79.5,0.0,15-016-2990-25-0021,Hyde Park Academy High School,Chicago Public Schools District 299,Cook,High School,12-Sep,2024,86.0,,66.3,,18.0,71.9,2.7,809.0,16.2,,97.8,1.6,,4.6,17.8,98.1,,0.0,54.7,84.9
65,15-016-2990-25-012C,IHSCA Charter High School,Chicago Public Schools District 299,Chicago,Cook,Unit District,High School,9 - 12,44.7,55.3,,3.2,95.7,15.5,15.5,14.1,92.6,8.1,,,,,92.0,92.0,0.0,15-016-2990-25-012C,IHSCA Charter High School,Chicago Public Schools District 299,Cook,High School,12-Sep,2024,57.9,,78.2,,23.0,80.8,8.0,543.0,13.9,,2.9,58.2,95.6,9.0,16.0,98.9,,0.0,,0.0
66,15-016-2990-25-020C,IJLA Charter High School,Chicago Public Schools District 299,Chicago,Cook,Unit District,High School,9 - 12,53.8,46.2,,,,,,18.3,78.5,44.1,,,,,,,0.0,15-016-2990-25-020C,IJLA Charter High School,Chicago Public Schools District 299,Cook,High School,12-Sep,2024,89.5,,27.8,,0.0,59.6,29.7,66.0,96.4,,,43.9,90.9,25.8,,71.2,,0.0,,
67,15-016-2990-25-0837,Infinity Math  Science & Tech HS,Chicago Public Schools District 299,Chicago,Cook,Unit District,High School,9 - 12,55.0,45.0,,3.6,94.7,20.8,14.0,12.8,92.3,,48.1,38.9,39.2,,,,0.0,15-016-2990-25-0837,Infinity Math  Science & Tech HS,Chicago Public Schools District 299,Cook,High School,12-Sep,2024,54.8,11.2,89.3,12.9,108.0,85.3,2.2,428.0,5.7,,4.0,31.5,94.2,,13.8,92.3,,0.0,48.8,88.4
68,15-016-9050-25-001C,Intrinsic 2 Charter High School,Intrinsic 2 Charter High School,Chicago,Cook,Unit District,High School,9 - 12,47.4,52.6,2.7,45.1,43.9,16.3,16.3,68.7,43.2,1.8,42.6,28.7,,,94.4,94.4,0.0,15-016-9050-25-001C,Intrinsic 2 Charter High School,Intrinsic 2 Charter High School,Cook,High School,12-Sep,2024,44.2,13.0,93.8,,92.0,89.1,1.9,699.0,7.6,3.4,48.6,14.4,42.2,,16.0,88.7,3.6,5.9,52.0,80.0
69,15-016-2990-25-022C,Intrinsic Charter High School,Chicago Public Schools District 299,Chicago,Cook,Unit District,High School,7 - 12,53.3,46.7,2.5,2.1,94.7,16.2,16.1,25.7,91.2,,34.5,41.8,,,78.1,78.1,0.0,15-016-2990-25-022C,Intrinsic Charter High School,Chicago Public Schools District 299,Cook,High School,12-Jul,2024,44.2,23.7,95.0,11.6,246.0,87.5,1.5,937.0,2.9,,3.1,33.9,93.5,,16.8,89.8,2.9,3.2,52.0,72.4
70,05-016-2110-17-0001,J B Conant High School,Township HSD 211,Hoffman Estates,Cook,High School District,High School,9 - 12,50.7,,42.6,3.1,19.6,13.7,5.9,53.8,34.7,0.7,84.4,8.2,3.5,98.0,90.2,82.9,0.5,05-016-2110-17-0001,J B Conant High School,Township HSD 211,Cook,High School,12-Sep,2024,15.3,47.5,95.6,53.3,971.0,93.9,1.1,2525.0,4.6,29.3,3.7,12.3,18.6,1.0,5.9,33.9,44.3,3.5,85.6,96.0
71,06-016-2010-17-0001,J Sterling Morton East High Sch,J S Morton HSD 201,Cicero,Cook,High School District,High School,10 - 12,51.0,49.0,1.1,1.7,95.5,11.2,9.6,19.2,87.1,4.3,65.1,31.4,3.9,,,,0.1,06-016-2010-17-0001,J Sterling Morton East High Sch,J S Morton HSD 201,Cook,High School,12-Oct,2024,34.2,12.0,79.5,6.9,889.0,90.1,7.0,3411.0,21.1,,1.8,43.1,93.9,3.6,9.3,87.5,2.7,1.2,50.7,88.8
72,06-016-2010-17-0003,J Sterling Morton Freshman Cntr,J S Morton HSD 201,Cicero,Cook,High School District,High School,9,50.5,,,2.0,96.9,13.3,12.0,24.6,92.8,3.1,63.6,33.7,3.6,,92.3,94.1,0.4,06-016-2010-17-0003,J Sterling Morton Freshman Cntr,J S Morton HSD 201,Cook,High School,9-Sep,2024,30.6,,,,204.0,91.1,1.8,1032.0,12.7,,1.9,45.9,97.2,1.8,10.4,93.8,,1.1,41.0,86.9
73,06-016-2010-17-0002,J Sterling Morton West High Sch,J S Morton HSD 201,Berwyn,Cook,High School District,High School,9 - 12,52.6,47.4,6.0,6.5,85.1,20.5,17.2,47.0,78.1,1.9,78.7,14.9,3.3,85.7,81.4,79.8,0.0,06-016-2010-17-0002,J Sterling Morton West High Sch,J S Morton HSD 201,Cook,High School,12-Sep,2024,30.2,16.7,82.8,8.7,867.0,90.9,4.1,3410.0,17.0,1.0,5.8,25.2,87.0,1.2,16.5,78.8,5.3,19.3,57.5,89.3
74,05-016-2140-17-0004,John Hersey High School,Township HSD 214,Arlington Heights,Cook,High School District,High School,9 - 12,51.2,48.8,66.1,1.5,14.7,24.1,10.5,70.1,12.4,0.8,90.3,4.2,4.9,97.6,93.0,87.1,0.0,05-016-2140-17-0004,John Hersey High School,Township HSD 214,Cook,High School,12-Sep,2024,16.8,60.0,96.4,55.9,945.0,93.6,,2038.0,9.9,11.5,1.5,7.2,15.1,0.7,10.7,13.7,67.9,1.5,82.9,93.7
75,15-016-2990-25-0533,Jones College Prep High School,Chicago Public Schools District 299,Chicago,Cook,Unit District,High School,9 - 12,46.8,53.2,28.6,12.7,34.0,8.8,8.8,68.9,37.3,,66.0,14.3,12.1,99.3,90.9,90.9,0.0,15-016-2990-25-0533,Jones College Prep High School,Chicago Public Schools District 299,Cook,High School,12-Sep,2024,35.7,80.6,94.9,77.5,1217.0,89.8,0.7,1960.0,1.7,18.6,11.8,3.3,33.6,0.5,8.2,41.1,31.5,0.1,47.7,93.0
76,15-016-2990-25-0767,Juarez Community Academy HS,Chicago Public Schools District 299,Chicago,Cook,Unit District,High School,9 - 12,49.9,50.1,1.4,2.2,95.2,15.8,13.8,19.5,83.9,8.0,48.5,40.2,10.6,,94.3,93.6,0.0,15-016-2990-25-0767,Juarez Community Academy HS,Chicago Public Schools District 299,Cook,High School,12-Sep,2024,73.7,8.5,82.1,4.1,74.0,77.0,4.0,1540.0,10.9,0.9,1.9,39.4,95.0,1.4,14.0,88.2,1.4,0.0,60.0,89.7
77,15-016-2990-25-0763,Julian High School,Chicago Public Schools District 299,Chicago,Cook,Unit District,High School,9 - 12,48.8,51.3,,95.3,3.3,29.5,28.0,97.0,76.3,5.0,25.7,10.7,13.7,,96.4,96.3,0.0,15-016-2990-25-0763,Julian High School,Chicago Public Schools District 299,Cook,High School,12-Sep,2024,84.2,,77.1,,80.0,71.0,7.4,445.0,17.2,,94.4,,2.5,6.1,26.1,80.2,,6.6,43.7,87.2
78,15-016-2990-25-0023,Kelvyn Park High School,Chicago Public Schools District 299,Chicago,Cook,Unit District,High School,7 - 12,46.6,53.4,,10.1,88.2,22.3,18.4,30.0,80.5,7.4,47.6,42.3,16.9,,69.7,65.4,0.0,15-016-2990-25-0023,Kelvyn Park High School,Chicago Public Schools District 299,Cook,High School,12-Jul,2024,73.6,,60.2,,57.0,74.9,8.4,492.0,27.4,,11.2,52.6,85.8,5.1,18.7,84.3,,7.9,44.4,82.7
79,15-016-2990-25-0024,Kennedy High School,Chicago Public Schools District 299,Chicago,Cook,Unit District,High School,9 - 12,50.5,49.5,11.7,4.5,82.7,25.7,19.4,49.9,64.4,,54.4,32.6,20.5,75.0,78.5,79.4,0.0,15-016-2990-25-0024,Kennedy High School,Chicago Public Schools District 299,Cook,High School,12-Sep,2024,60.6,12.6,73.0,6.3,133.0,81.1,5.5,1588.0,11.4,0.8,3.9,24.2,82.1,0.9,19.5,65.3,12.7,0.0,49.3,90.0
80,15-016-2990-25-0025,Kenwood Academy High School,Chicago Public Schools District 299,Chicago,Cook,Unit District,High School,7 - 12,,54.6,6.4,82.5,6.9,8.1,5.4,92.8,53.4,4.8,47.8,7.8,8.7,100.0,78.0,75.0,0.0,15-016-2990-25-0025,Kenwood Academy High School,Chicago Public Schools District 299,Cook,High School,12-Jul,2024,39.8,42.8,89.9,30.7,496.0,88.4,1.9,2294.0,6.4,1.2,85.0,2.6,5.8,5.1,5.1,56.5,5.4,4.5,50.8,92.2
81,15-016-2990-25-0039,King College Prep High School,Chicago Public Schools District 299,Chicago,Cook,Unit District,High School,9 - 12,43.3,56.7,,95.7,2.9,11.5,11.5,96.1,82.6,4.8,45.3,15.0,8.4,,95.0,95.0,0.0,15-016-2990-25-0039,King College Prep High School,Chicago Public Schools District 299,Cook,High School,12-Sep,2024,34.8,14.4,87.6,4.4,81.0,90.5,,692.0,1.7,,95.4,1.7,2.3,3.6,12.3,83.8,,0.0,67.4,72.3
82,15-016-2990-25-0026,Lake View High School,Chicago Public Schools District 299,Chicago,Cook,Unit District,High School,9 - 12,51.3,48.7,7.1,12.8,73.7,16.6,15.2,43.2,75.0,2.3,69.4,19.3,16.1,85.0,77.6,80.0,0.0,15-016-2990-25-0026,Lake View High School,Chicago Public Schools District 299,Cook,High School,12-Sep,2024,62.9,16.1,79.3,7.4,401.0,78.8,3.6,1404.0,11.0,3.1,12.9,23.4,73.0,2.4,15.9,74.8,8.8,6.6,62.5,94.6
83,15-016-2990-25-0027,Lane Technical High School,Chicago Public Schools District 299,Chicago,Cook,Unit District,High School,7 - 12,52.4,47.6,41.0,7.4,35.4,9.8,9.8,70.4,35.0,0.5,73.9,12.3,2.4,99.1,80.0,80.0,0.0,15-016-2990-25-0027,Lane Technical High School,Chicago Public Schools District 299,Cook,High School,12-Jul,2024,30.4,86.6,95.7,83.9,3448.0,91.0,0.4,4515.0,1.1,10.4,6.7,3.3,34.8,0.5,8.5,36.6,36.5,0.0,55.1,91.9
84,15-016-2990-25-019C,Legal Prep Academy Charter HS,Chicago Public Schools District 299,Chicago,Cook,Unit District,High School,9 - 12,42.6,57.4,,97.1,,22.5,22.5,,97.6,9.6,91.6,,,,,,0.0,15-016-2990-25-019C,Legal Prep Academy Charter HS,Chicago Public Schools District 299,Cook,High School,12-Sep,2024,73.1,,85.4,,0.0,77.0,,211.0,18.5,,98.1,,,10.4,19.0,86.7,,0.0,100.0,69.0
85,07-016-2100-17-0001,Lemont Twp High School,Lemont Twp HSD 210,Lemont,Cook,High School District,High School,9 - 12,52.0,48.0,79.9,0.8,11.9,19.5,10.2,83.3,16.7,0.8,96.0,2.3,5.2,99.6,98.2,100.0,0.0,07-016-2100-17-0001,Lemont Twp High School,Lemont Twp HSD 210,Cook,High School,12-Sep,2024,21.2,48.3,96.1,52.4,552.0,92.8,,1301.0,2.5,4.2,1.1,4.6,12.5,,9.9,17.4,78.9,0.0,76.0,94.0
86,15-016-2990-25-0047,Lincoln Park High School,Chicago Public Schools District 299,Chicago,Cook,Unit District,High School,9 - 12,,56.4,30.6,21.4,29.5,14.7,7.4,69.5,43.4,2.5,69.2,13.4,10.9,90.1,69.7,62.8,0.0,15-016-2990-25-0047,Lincoln Park High School,Chicago Public Schools District 299,Cook,High School,12-Sep,2024,59.3,45.1,87.0,43.8,764.0,82.4,2.5,2094.0,8.0,11.3,20.4,7.5,31.3,2.3,7.0,40.1,30.8,0.3,50.6,90.0
87,15-016-2990-25-0833,Lindblom Math & Science Acad HS,Chicago Public Schools District 299,Chicago,Cook,Unit District,High School,7 - 12,,55.1,2.6,66.3,29.0,6.6,6.6,78.2,57.7,1.1,67.9,7.0,7.3,,100.0,100.0,0.0,15-016-2990-25-0833,Lindblom Math & Science Acad HS,Chicago Public Schools District 299,Cook,High School,12-Jul,2024,45.7,53.9,96.1,36.4,426.0,88.3,,1332.0,2.3,,68.5,2.8,27.3,1.3,6.1,58.8,2.3,1.1,68.6,88.3
88,06-016-2040-17-0001,Lyons Twp High Sch,Lyons Twp HSD 204,La Grange,Cook,High School District,High School,9 - 12,51.6,,64.1,3.3,26.5,26.7,12.5,84.0,11.7,,92.2,4.5,1.9,99.3,97.7,97.4,0.0,06-016-2040-17-0001,Lyons Twp High Sch,Lyons Twp HSD 204,Cook,High School,12-Sep,2024,22.7,52.1,95.2,52.7,1293.0,92.3,0.6,3713.0,6.6,2.5,3.1,6.0,26.2,,11.9,11.6,64.8,4.5,72.8,95.8
89,05-016-2070-17-0001,Maine East High School,Maine Township HSD 207,Park Ridge,Cook,High School District,High School,9 - 12,50.8,49.2,34.8,5.3,25.1,18.3,12.1,35.9,33.9,0.8,77.2,5.0,1.3,94.4,94.0,94.2,0.0,05-016-2070-17-0001,Maine East High School,Maine Township HSD 207,Cook,High School,12-Sep,2024,35.1,34.4,88.7,23.8,736.0,89.1,0.9,1840.0,10.1,29.7,5.1,29.0,25.3,1.1,13.5,35.5,37.1,7.8,70.1,94.0
90,05-016-2070-17-0003,Maine South High School,Maine Township HSD 207,Park Ridge,Cook,High School District,High School,9 - 12,50.4,,77.9,0.9,11.9,21.2,8.8,81.0,4.5,,88.9,1.1,2.9,97.8,95.5,93.9,0.0,05-016-2070-17-0003,Maine South High School,Maine Township HSD 207,Cook,High School,12-Sep,2024,23.6,56.6,95.8,45.3,1150.0,92.3,0.9,2451.0,2.0,4.7,0.8,4.8,11.5,,9.4,5.1,79.8,2.9,72.0,92.5
91,05-016-2070-17-0004,Maine West High School,Maine Township HSD 207,Des Plaines,Cook,High School District,High School,9 - 12,52.3,47.7,37.0,3.1,44.3,17.6,11.6,41.6,25.7,1.7,84.6,6.3,1.1,93.4,91.9,90.0,0.0,05-016-2070-17-0004,Maine West High School,Maine Township HSD 207,Cook,High School,12-Sep,2024,34.3,29.8,84.0,23.0,704.0,89.2,1.9,1820.0,10.3,10.3,2.5,18.4,45.9,2.1,11.5,27.2,37.6,6.3,75.2,94.4
92,15-016-2990-25-0616,Manley Career Academy High School,Chicago Public Schools District 299,Chicago,Cook,Unit District,High School,9 - 12,48.4,51.6,,91.1,,30.6,26.6,,84.7,16.1,12.8,25.2,63.1,,,,0.0,15-016-2990-25-0616,Manley Career Academy High School,Chicago Public Schools District 299,Cook,High School,12-Sep,2024,77.4,,26.7,,0.0,66.8,5.2,83.0,59.9,,91.6,,,18.1,28.9,96.4,,0.0,90.7,55.6
93,15-016-2990-25-0029,Marshall Metropolitan High School,Chicago Public Schools District 299,Chicago,Cook,Unit District,High School,9 - 12,55.8,44.2,,88.8,9.1,28.9,26.4,,95.4,27.4,31.1,5.2,45.0,,91.7,100.0,0.0,15-016-2990-25-0029,Marshall Metropolitan High School,Chicago Public Schools District 299,Cook,High School,12-Sep,2024,82.9,,52.4,,0.0,66.6,7.6,177.0,30.4,,93.8,,,24.3,30.5,94.4,,54.7,54.2,91.3
94,15-016-2990-25-0030,Mather High School,Chicago Public Schools District 299,Chicago,Cook,Unit District,High School,9 - 12,53.0,47.0,12.6,14.8,49.6,18.0,15.1,27.4,78.3,5.5,61.6,18.8,7.6,76.1,72.7,76.1,0.0,15-016-2990-25-0030,Mather High School,Chicago Public Schools District 299,Cook,High School,12-Sep,2024,53.7,14.4,76.1,14.9,440.0,83.2,4.5,1674.0,15.2,20.6,14.0,43.2,51.0,5.3,16.5,81.1,12.5,1.2,54.3,90.9
95,15-016-2990-25-0031,Morgan Park High School,Chicago Public Schools District 299,Chicago,Cook,Unit District,High School,7 - 12,48.7,51.3,,95.6,3.5,13.9,12.4,97.8,78.3,3.3,39.8,4.9,13.3,,78.0,75.0,0.0,15-016-2990-25-0031,Morgan Park High School,Chicago Public Schools District 299,Cook,High School,12-Jul,2024,71.5,12.2,83.7,3.8,242.0,78.5,3.0,1168.0,11.4,,95.7,1.0,2.6,2.7,14.1,76.7,,3.6,45.1,81.3
96,15-016-2990-25-0836,Multicultural Arts High School,Chicago Public Schools District 299,Chicago,Cook,Unit District,High School,9 - 12,37.4,62.6,,,81.7,15.4,15.0,27.5,93.4,14.3,45.3,36.4,27.8,,,,0.0,15-016-2990-25-0836,Multicultural Arts High School,Chicago Public Schools District 299,Cook,High School,12-Sep,2024,73.5,,66.0,,34.0,73.3,8.9,238.0,20.7,,15.1,50.8,84.5,15.1,18.1,94.5,,4.3,43.1,91.7
97,05-016-2030-17-0002,New Trier Township H S Northfield,New Trier Twp HSD 203,Northfield,Cook,High School District,High School,9,51.5,,72.7,,8.6,35.9,18.2,91.5,3.2,,91.0,3.3,2.7,98.9,98.1,96.3,0.0,05-016-2030-17-0002,New Trier Township H S Northfield,New Trier Twp HSD 203,Cook,High School,9-Sep,2024,7.3,,,,0.0,95.8,,941.0,,10.8,,2.4,6.9,,18.0,1.1,74.9,4.1,84.2,92.8
98,05-016-2030-17-0001,New Trier Township H S Winnetka,New Trier Twp HSD 203,Winnetka,Cook,High School District,High School,10 - 12,52.8,46.6,73.3,0.8,8.6,34.6,16.4,90.4,4.9,,87.7,4.7,3.9,,,,0.0,05-016-2030-17-0001,New Trier Township H S Winnetka,New Trier Twp HSD 203,Cook,High School,12-Oct,2024,16.9,76.6,97.7,70.0,947.0,93.5,,2759.0,1.9,10.0,0.8,1.6,8.3,,16.8,3.6,75.3,2.1,80.4,93.1
99,05-016-2190-17-0002,Niles North High School,Niles Twp HSD 219,Skokie,Cook,High School District,High School,9 - 12,52.4,,35.0,10.1,17.3,20.0,10.4,57.6,30.2,2.1,69.3,6.3,3.1,94.4,87.3,86.3,0.0,05-016-2190-17-0002,Niles North High School,Niles Twp HSD 219,Cook,High School,12-Sep,2024,27.3,44.8,91.5,41.6,767.0,91.6,2.2,1929.0,7.5,33.7,9.4,14.3,17.6,1.7,10.3,35.5,34.7,0.0,43.8,92.2
100,05-016-2190-17-0003,Niles West High School,Niles Twp HSD 219,Skokie,Cook,High School District,High School,9 - 12,54.4,,35.9,7.0,17.5,17.4,9.5,53.9,29.1,3.2,79.4,1.6,2.5,92.3,81.1,80.6,0.0,05-016-2190-17-0003,Niles West High School,Niles Twp HSD 219,Cook,High School,12-Sep,2024,26.5,41.5,93.1,35.3,881.0,91.7,2.0,2517.0,5.5,32.6,6.6,14.9,17.2,2.0,8.9,32.5,38.5,0.1,45.6,91.3
101,15-016-2990-25-044C,Noble St Chtr - Mansueto,Chicago Public Schools District 299,Chicago,Cook,Unit District,High School,9 - 12,51.0,49.0,,,98.3,13.0,13.0,15.6,91.1,1.6,16.1,29.0,,,90.9,90.9,0.0,15-016-2990-25-044C,Noble St Chtr - Mansueto,Chicago Public Schools District 299,Cook,High School,12-Sep,2024,35.1,14.3,92.9,15.9,281.0,89.1,2.5,1053.0,7.0,,1.1,42.5,97.8,1.2,12.5,90.6,,4.7,98.4,73.2
102,15-016-2990-25-029C,Noble St Chtr Rauner College Prep,Chicago Public Schools District 299,Chicago,Cook,Unit District,High School,9 - 12,49.8,50.2,2.7,27.1,68.9,14.4,14.2,51.8,84.9,9.3,15.0,25.0,,,77.3,77.3,0.0,15-016-2990-25-029C,Noble St Chtr Rauner College Prep,Chicago Public Schools District 299,Cook,High School,12-Sep,2024,39.5,8.0,90.4,7.5,260.0,88.2,1.6,597.0,14.8,,23.6,25.3,72.5,3.7,13.2,81.1,2.3,7.1,100.0,73.3
103,15-016-2990-25-040C,Noble St Chtr-Baker Campus,Chicago Public Schools District 299,Chicago,Cook,Unit District,High School,9 - 12,50.5,49.5,,83.5,15.4,22.6,22.6,83.5,93.5,11.1,,10.5,,,87.5,87.5,0.0,15-016-2990-25-040C,Noble St Chtr-Baker Campus,Chicago Public Schools District 299,Cook,High School,12-Sep,2024,59.2,,71.9,,51.0,83.9,4.4,239.0,30.3,,80.3,14.6,18.0,14.2,23.8,94.6,,27.3,94.7,46.7
104,15-016-2990-25-039C,Noble St Chtr-Butler College Prep - Crimson,Chicago Public Schools District 299,Chicago,Cook,Unit District,High School,9 - 12,44.8,55.2,,94.3,4.9,13.7,13.7,96.1,88.4,5.4,,6.4,,,96.7,96.7,0.0,15-016-2990-25-039C,Noble St Chtr-Butler College Prep - Crimson,Chicago Public Schools District 299,Cook,High School,12-Sep,2024,52.8,,92.1,,157.0,86.2,,620.0,15.2,,94.4,2.6,5.2,6.8,17.4,89.8,,5.7,100.0,74.1
105,15-016-2990-25-034C,Noble St Chtr-Chicago Bulls Prep,Chicago Public Schools District 299,Chicago,Cook,Unit District,High School,9 - 12,50.3,49.7,1.0,57.5,40.7,18.8,18.7,70.8,87.1,1.9,14.9,16.4,,,89.1,89.1,0.0,15-016-2990-25-034C,Noble St Chtr-Chicago Bulls Prep,Chicago Public Schools District 299,Cook,High School,12-Sep,2024,44.0,9.1,95.8,7.5,462.0,87.4,,1152.0,13.4,,50.4,15.9,47.4,1.3,18.0,86.8,1.1,2.6,98.6,70.0
106,15-016-2990-25-032C,Noble St Chtr-Comer College Prep,Chicago Public Schools District 299,Chicago,Cook,Unit District,High School,6 - 12,,50.2,,97.6,2.0,16.0,16.0,98.0,86.2,5.9,4.1,8.2,,,77.1,77.1,0.0,15-016-2990-25-032C,Noble St Chtr-Comer College Prep,Chicago Public Schools District 299,Cook,High School,12-Jun,2024,52.7,28.4,90.8,9.0,108.0,85.5,2.4,1011.0,16.3,,96.9,1.2,1.8,8.7,15.2,86.2,,2.9,95.6,67.5
107,15-016-2990-25-038C,Noble St Chtr-DRW Trading College Prep,Chicago Public Schools District 299,Chicago,Cook,Unit District,High School,9 - 12,51.4,48.6,,97.8,,21.7,21.7,,87.2,28.8,21.4,17.9,,,61.9,61.9,0.0,15-016-2990-25-038C,Noble St Chtr-DRW Trading College Prep,Chicago Public Schools District 299,Cook,High School,12-Sep,2024,68.9,,79.2,,35.0,81.6,7.5,367.0,24.1,,97.8,,,32.7,22.9,91.8,,11.3,100.0,51.2
108,15-016-2990-25-031C,Noble St Chtr-Golder College Prep,Chicago Public Schools District 299,Chicago,Cook,Unit District,High School,9 - 12,50.0,50.0,2.2,27.2,69.5,13.4,13.4,41.9,89.1,2.4,29.3,14.6,,,90.9,90.9,0.0,15-016-2990-25-031C,Noble St Chtr-Golder College Prep,Chicago Public Schools District 299,Cook,High School,12-Sep,2024,43.7,16.8,91.6,10.8,255.0,87.8,2.0,642.0,14.8,,27.4,29.4,69.2,1.9,14.8,90.7,1.9,5.8,100.0,70.4
109,15-016-2990-25-037C,Noble St Chtr-Hansberry College Prep - Silver,Chicago Public Schools District 299,Chicago,Cook,Unit District,High School,9 - 12,44.0,56.0,,97.7,,21.1,21.1,98.9,85.8,6.5,9.1,9.1,,,96.6,96.6,0.0,15-016-2990-25-037C,Noble St Chtr-Hansberry College Prep - Silver,Chicago Public Schools District 299,Cook,High School,12-Sep,2024,50.6,,88.3,,0.0,87.2,2.7,514.0,7.8,,98.1,,,8.4,20.2,82.5,,3.3,96.9,74.1
110,15-016-2990-25-042C,Noble St Chtr-ITW Speer Acad,Chicago Public Schools District 299,Chicago,Cook,Unit District,High School,9 - 12,53.9,46.1,1.4,9.1,88.7,13.5,13.4,28.0,87.2,1.2,26.8,22.5,,,87.5,87.5,0.0,15-016-2990-25-042C,Noble St Chtr-ITW Speer Acad,Chicago Public Schools District 299,Cook,High School,12-Sep,2024,34.2,15.3,92.0,18.2,425.0,89.4,1.5,1098.0,4.4,,10.6,35.5,87.5,,14.1,79.6,1.2,2.1,98.5,76.0
111,15-016-2990-25-036C,Noble St Chtr-Johnson College Prep,Chicago Public Schools District 299,Chicago,Cook,Unit District,High School,9 - 12,49.0,51.0,,94.4,4.6,21.7,21.7,96.6,92.0,11.8,16.4,3.3,,,93.5,93.5,0.0,15-016-2990-25-036C,Noble St Chtr-Johnson College Prep,Chicago Public Schools District 299,Cook,High School,12-Sep,2024,59.0,,81.9,,125.0,83.7,3.2,457.0,21.9,,94.7,,4.2,14.0,21.7,90.6,,4.8,100.0,67.2
112,15-016-2990-25-035C,Noble St Chtr-Muchin College Prep,Chicago Public Schools District 299,Chicago,Cook,Unit District,High School,9 - 12,46.0,54.0,1.2,48.7,45.3,13.0,12.9,60.6,72.6,6.2,18.6,22.0,,,90.9,90.9,0.0,15-016-2990-25-035C,Noble St Chtr-Muchin College Prep,Chicago Public Schools District 299,Cook,High School,12-Sep,2024,41.8,13.2,92.3,13.2,413.0,88.1,2.2,936.0,9.4,5.1,44.3,17.0,48.8,6.3,12.2,77.0,1.2,5.9,100.0,72.1
113,15-016-2990-25-041C,Noble St Chtr-Noble Campus,Chicago Public Schools District 299,Chicago,Cook,Unit District,High School,9 - 12,53.6,46.4,2.9,17.0,77.3,13.2,13.2,43.2,73.1,3.2,14.9,19.1,,,96.7,96.7,0.0,15-016-2990-25-041C,Noble St Chtr-Noble Campus,Chicago Public Schools District 299,Cook,High School,12-Sep,2024,34.4,16.1,95.3,25.8,394.0,90.0,,672.0,5.6,1.6,16.1,26.5,78.3,1.9,11.6,78.3,2.4,4.2,100.0,79.5
114,15-016-2990-25-028C,Noble St Chtr-Pritzker College Prep,Chicago Public Schools District 299,Chicago,Cook,Unit District,High School,9 - 12,51.3,48.7,,5.5,92.2,12.0,11.8,23.0,94.0,1.8,32.5,14.6,,,76.7,76.7,0.0,15-016-2990-25-028C,Noble St Chtr-Pritzker College Prep,Chicago Public Schools District 299,Cook,High School,12-Sep,2024,24.5,26.7,96.1,24.4,298.0,90.8,,988.0,3.5,,5.0,39.2,93.1,1.8,13.1,92.6,,7.2,96.5,77.8
115,15-016-2990-25-030C,Noble St Chtr-Rowe-Clark MS Acad,Chicago Public Schools District 299,Chicago,Cook,Unit District,High School,9 - 12,43.7,56.3,,87.5,11.9,22.2,22.2,90.0,95.2,19.9,12.5,25.0,,,100.0,100.0,0.0,15-016-2990-25-030C,Noble St Chtr-Rowe-Clark MS Acad,Chicago Public Schools District 299,Cook,High School,12-Sep,2024,64.2,,90.6,,94.0,81.8,2.9,343.0,25.9,,85.4,9.0,13.7,16.0,21.3,99.1,,25.3,95.7,54.0
116,15-016-2990-25-043C,Noble St Chtr-The Noble Academy,Chicago Public Schools District 299,Chicago,Cook,Unit District,High School,9 - 12,47.4,52.6,,51.1,43.4,13.0,13.0,64.6,82.0,4.5,26.7,13.3,,,92.9,92.9,0.0,15-016-2990-25-043C,Noble St Chtr-The Noble Academy,Chicago Public Schools District 299,Cook,High School,12-Sep,2024,48.3,16.3,88.4,,141.0,86.2,3.3,522.0,20.0,2.3,45.6,20.7,48.9,4.2,12.5,83.7,,2.8,100.0,62.3
117,15-016-2990-25-033C,Noble St Chtr-UIC College Prep,Chicago Public Schools District 299,Chicago,Cook,Unit District,High School,9 - 12,49.0,51.0,1.5,46.7,45.4,12.7,12.6,62.9,84.6,4.8,16.1,24.2,,,80.0,80.0,0.0,15-016-2990-25-033C,Noble St Chtr-UIC College Prep,Chicago Public Schools District 299,Cook,High School,12-Sep,2024,53.1,14.6,91.4,10.2,315.0,85.5,3.0,927.0,14.7,4.9,42.2,16.4,50.7,5.1,11.8,82.6,1.6,7.9,97.9,69.2
118,15-016-2990-25-084C,North Lawndale Prep Chtr - Christiana,Chicago Public Schools District 299,Chicago,Cook,Unit District,High School,9 - 12,42.2,57.8,,96.8,,27.1,27.1,99.2,99.2,20.7,42.9,14.3,,,,,0.0,15-016-2990-25-084C,North Lawndale Prep Chtr - Christiana,Chicago Public Schools District 299,Cook,High School,12-Sep,2024,71.7,,87.0,,0.0,80.2,,299.0,16.9,,96.7,,,20.7,26.4,98.7,,0.0,100.0,61.1
119,15-016-2990-25-046C,North Lawndale Prep Chtr-Collins,Chicago Public Schools District 299,Chicago,Cook,Unit District,High School,9 - 12,48.5,51.5,,95.9,,16.5,16.5,98.9,94.7,24.8,29.6,,,,,,0.0,15-016-2990-25-046C,North Lawndale Prep Chtr-Collins,Chicago Public Schools District 299,Cook,High School,12-Sep,2024,89.3,,86.7,,55.0,72.3,2.9,373.0,23.2,,96.2,,,23.9,17.2,93.6,,0.0,100.0,51.4
120,15-016-2990-25-0825,North-Grand High School,Chicago Public Schools District 299,Chicago,Cook,Unit District,High School,9 - 12,44.9,55.1,,19.6,78.1,20.4,17.9,34.6,88.2,5.8,45.8,41.4,9.2,,69.8,66.7,0.0,15-016-2990-25-0825,North-Grand High School,Chicago Public Schools District 299,Cook,High School,12-Sep,2024,68.9,5.8,78.4,,239.0,79.5,4.0,1034.0,11.4,,18.4,37.9,78.9,4.8,16.9,93.2,1.2,7.2,41.2,94.4
121,15-016-2990-25-0794,Northside College Preparatory Hs,Chicago Public Schools District 299,Chicago,Cook,Unit District,High School,9 - 12,,50.2,35.1,6.0,28.3,12.4,12.3,65.7,36.2,,68.7,8.6,0.2,98.9,94.1,94.1,0.0,15-016-2990-25-0794,Northside College Preparatory Hs,Chicago Public Schools District 299,Cook,High School,12-Sep,2024,30.9,90.5,96.9,90.0,646.0,91.5,,1030.0,,21.5,6.5,4.4,28.5,,10.9,36.9,36.4,0.0,68.8,95.7
122,07-016-2280-16-0004,Oak Forest High School,Bremen CHSD 228,Oak Forest,Cook,High School District,High School,9 - 12,52.3,47.7,46.0,11.3,32.7,21.2,14.9,73.3,24.7,1.2,75.4,,3.1,100.0,100.0,100.0,0.0,07-016-2280-16-0004,Oak Forest High School,Bremen CHSD 228,Cook,High School,12-Sep,2024,19.7,29.5,91.3,26.3,365.0,93.3,1.8,1347.0,5.5,5.5,9.9,12.0,30.9,1.9,14.8,27.5,49.7,0.0,77.6,91.5
123,07-016-2290-16-0001,Oak Lawn Comm High School,Oak Lawn CHSD 229,Oak Lawn,Cook,High School District,High School,9 - 12,53.5,,42.8,7.0,43.1,21.8,13.2,55.0,63.3,0.9,96.6,1.8,6.9,92.1,92.2,94.5,0.0,07-016-2290-16-0001,Oak Lawn Comm High School,Oak Lawn CHSD 229,Cook,High School,12-Sep,2024,22.8,23.0,91.9,19.9,321.0,92.6,1.0,1792.0,5.5,1.6,6.8,19.0,41.4,1.1,12.7,61.3,48.4,19.2,61.1,94.9
124,06-016-2000-13-0001,Oak Park & River Forest High Sch,Oak Park - River Forest SD 200,Oak Park,Cook,High School District,High School,9 - 12,51.6,46.3,52.3,17.0,16.3,30.7,14.5,94.1,18.0,0.7,72.7,11.6,3.5,97.1,93.7,92.3,0.0,06-016-2000-13-0001,Oak Park & River Forest High Sch,Oak Park - River Forest SD 200,Cook,High School,12-Sep,2024,20.3,63.6,95.4,54.7,1114.0,92.6,1.2,3226.0,5.6,3.3,19.0,2.2,15.4,0.5,15.7,19.9,51.8,5.7,61.5,94.3
125,15-016-2990-25-0855,Ogden Int High School,Chicago Public Schools District 299,Chicago,Cook,Unit District,High School,9 - 12,49.3,50.7,11.5,47.4,38.0,9.4,9.4,68.1,65.6,9.2,72.0,11.7,13.0,100.0,100.0,100.0,0.0,15-016-2990-25-0855,Ogden Int High School,Chicago Public Schools District 299,Cook,High School,12-Sep,2024,62.8,16.8,92.0,12.1,14.0,82.6,,507.0,10.6,2.4,45.8,12.0,36.1,7.3,9.7,66.7,13.2,1.1,62.5,83.2
126,15-016-2990-25-0847,Orr Academy High School,Chicago Public Schools District 299,Chicago,Cook,Unit District,High School,9 - 12,50.0,50.0,,48.7,48.0,19.2,17.2,56.0,88.4,20.5,34.8,20.1,40.1,,,,0.0,15-016-2990-25-0847,Orr Academy High School,Chicago Public Schools District 299,Cook,High School,12-Sep,2024,75.2,,55.4,,0.0,70.4,6.3,244.0,45.2,,60.7,30.3,36.9,39.8,21.7,88.5,,13.7,53.2,78.6
127,05-016-2110-17-0003,Palatine High School,Township HSD 211,Palatine,Cook,High School District,High School,9 - 12,51.9,,31.5,6.0,51.1,22.6,12.0,47.1,62.0,5.3,81.9,12.5,5.6,99.3,91.3,88.5,0.2,05-016-2110-17-0003,Palatine High School,Township HSD 211,Cook,High School,12-Sep,2024,28.9,29.4,89.0,27.5,840.0,90.0,2.9,2525.0,11.3,7.0,5.5,26.0,50.6,4.6,11.8,61.5,33.5,8.3,86.1,96.1
128,15-016-2990-25-0796,Payton College Preparatory HS,Chicago Public Schools District 299,Chicago,Cook,Unit District,High School,9 - 12,51.8,,31.9,9.3,26.1,9.0,9.0,71.9,33.0,,56.7,14.0,5.2,98.8,92.0,92.0,0.0,15-016-2990-25-0796,Payton College Preparatory HS,Chicago Public Schools District 299,Cook,High School,12-Sep,2024,25.1,86.9,95.3,85.0,1030.0,92.4,,1257.0,,26.1,8.8,3.0,25.6,,8.4,33.4,34.8,0.0,60.6,82.7
129,15-016-2990-25-053C,Perspectives Chtr -  IIT Campus,Chicago Public Schools District 299,Chicago,Cook,Unit District,High School,6 - 12,46.5,53.5,,96.7,,14.6,14.3,99.2,93.0,4.5,,,,,84.6,84.6,0.0,15-016-2990-25-053C,Perspectives Chtr -  IIT Campus,Chicago Public Schools District 299,Cook,High School,12-Jun,2024,67.0,11.4,88.6,,28.0,80.2,,396.0,12.6,,96.7,,,6.1,11.1,96.0,,0.5,,
130,15-016-2990-25-052C,Perspectives Chtr - High School of Technology,Chicago Public Schools District 299,Chicago,Cook,Unit District,High School,9 - 12,51.3,48.7,,97.4,,15.4,15.4,99.3,94.8,,,,,,93.8,93.8,0.0,15-016-2990-25-052C,Perspectives Chtr - High School of Technology,Chicago Public Schools District 299,Cook,High School,12-Sep,2024,69.5,,87.1,,48.0,79.6,,418.0,12.5,,97.1,,,2.9,14.1,91.6,,0.0,,
131,15-016-2990-25-050C,Perspectives Chtr - Joslin Campus,Chicago Public Schools District 299,Chicago,Cook,Unit District,High School,6 - 12,50.5,49.5,,95.4,,19.9,19.9,98.4,92.8,,,,,,,,0.0,15-016-2990-25-050C,Perspectives Chtr - Joslin Campus,Chicago Public Schools District 299,Cook,High School,12-Jun,2024,57.5,,86.3,,64.0,85.3,3.4,329.0,12.9,,96.7,,,5.2,20.4,93.3,,1.4,,0.0
132,15-016-2990-25-051C,Perspectives Chtr - Leadership Acad,Chicago Public Schools District 299,Chicago,Cook,Unit District,High School,6 - 12,42.6,57.4,,98.6,,13.2,13.2,,94.4,2.4,,,,,92.9,92.9,0.0,15-016-2990-25-051C,Perspectives Chtr - Leadership Acad,Chicago Public Schools District 299,Cook,High School,12-Jun,2024,61.5,12.7,88.9,,60.0,81.9,1.7,839.0,10.8,,98.1,,1.2,2.9,13.8,93.1,,0.0,,
133,15-016-2990-25-0034,Phillips Academy High School,Chicago Public Schools District 299,Chicago,Cook,Unit District,High School,9 - 12,54.7,45.3,,91.9,4.8,22.2,19.4,96.5,70.0,,31.3,6.7,39.5,,68.2,63.2,0.0,15-016-2990-25-0034,Phillips Academy High School,Chicago Public Schools District 299,Cook,High School,12-Sep,2024,89.5,,74.1,,0.0,66.3,6.5,391.0,25.4,,95.1,,3.1,,18.9,93.1,,0.2,30.6,72.7
134,15-016-2990-25-0803,Phoenix Military Academy HS,Chicago Public Schools District 299,Chicago,Cook,Unit District,High School,9 - 12,60.7,39.3,2.7,15.3,80.3,7.9,7.9,35.8,87.4,,42.3,43.2,11.4,,90.9,90.9,0.0,15-016-2990-25-0803,Phoenix Military Academy HS,Chicago Public Schools District 299,Cook,High School,12-Sep,2024,45.4,10.7,96.5,,372.0,87.9,,400.0,4.8,,12.8,23.3,82.3,,7.3,88.5,3.5,0.0,37.0,83.3
135,05-016-2140-17-0005,Prospect High School,Township HSD 214,Mt Prospect,Cook,High School District,High School,9 - 12,50.4,,70.9,2.0,13.2,23.9,9.5,74.2,11.6,1.2,90.3,3.1,5.1,98.7,96.2,96.2,0.4,05-016-2140-17-0005,Prospect High School,Township HSD 214,Cook,High School,12-Sep,2024,13.8,58.0,95.9,52.1,1137.0,94.2,0.7,2155.0,8.0,7.6,1.9,5.4,13.5,1.1,9.8,11.3,72.1,1.7,84.4,91.4
136,15-016-2990-25-0534,Prosser Career Academy HS,Chicago Public Schools District 299,Chicago,Cook,Unit District,High School,9 - 12,50.1,49.9,1.1,22.4,75.6,15.5,15.5,40.0,89.1,2.4,60.6,31.5,5.7,,92.0,92.0,0.0,15-016-2990-25-0534,Prosser Career Academy HS,Chicago Public Schools District 299,Cook,High School,12-Sep,2024,66.4,14.4,89.2,9.9,149.0,81.3,1.5,1163.0,4.1,,21.7,25.5,75.8,3.5,15.6,89.4,1.6,4.3,37.2,94.6
137,06-016-2090-17-0001,Proviso East High School,Proviso Twp HSD 209,Maywood,Cook,High School District,High School,9 - 12,53.6,,2.5,36.8,59.4,12.9,12.9,52.1,52.9,1.2,59.4,14.9,4.9,,61.8,61.8,0.0,06-016-2090-17-0001,Proviso East High School,Proviso Twp HSD 209,Cook,High School,12-Sep,2024,57.6,10.7,84.6,4.3,191.0,83.9,5.4,1525.0,22.7,,36.7,31.0,59.4,1.7,13.4,21.2,1.9,4.5,42.7,83.0
138,06-016-2090-17-0003,Proviso Math and Science Academy,Proviso Twp HSD 209,Forest Park,Cook,High School District,High School,9 - 12,,54.9,8.8,20.4,66.7,2.9,2.9,51.1,53.5,,82.5,9.7,9.3,96.0,,,0.0,06-016-2090-17-0003,Proviso Math and Science Academy,Proviso Twp HSD 209,Cook,High School,12-Sep,2024,24.5,40.7,97.9,35.7,496.0,92.3,,914.0,2.0,3.0,20.7,10.6,69.9,,2.0,20.0,5.3,0.1,32.5,83.2
139,06-016-2090-17-0002,Proviso West High School,Proviso Twp HSD 209,Hillside,Cook,High School District,High School,9 - 12,51.6,,2.6,38.4,57.2,15.3,15.3,51.5,52.5,1.5,59.3,7.2,11.4,,69.5,69.5,0.0,06-016-2090-17-0002,Proviso West High School,Proviso Twp HSD 209,Cook,High School,12-Sep,2024,75.7,6.6,83.8,2.9,385.0,72.7,3.3,1686.0,19.7,,39.0,28.5,56.8,1.2,14.5,12.8,2.2,1.7,37.9,81.8
140,15-016-2990-25-0826,Raby High School,Chicago Public Schools District 299,Chicago,Cook,Unit District,High School,9 - 12,56.8,43.2,,87.4,10.8,55.9,55.9,90.1,98.2,11.7,48.2,23.9,2.1,,,,0.0,15-016-2990-25-0826,Raby High School,Chicago Public Schools District 299,Cook,High School,12-Sep,2024,78.5,,60.0,,0.0,72.1,,146.0,10.9,,87.0,8.9,11.0,14.4,50.7,97.3,,7.1,77.4,80.6
141,07-016-2200-17-0001,Reavis High School,Reavis Twp HSD 220,Burbank,Cook,High School District,High School,9 - 12,51.6,48.4,23.8,2.0,68.4,16.0,11.8,39.4,65.8,1.1,80.8,5.3,5.7,92.2,76.1,73.1,0.0,07-016-2200-17-0001,Reavis High School,Reavis Twp HSD 220,Cook,High School,12-Sep,2024,22.7,20.9,86.3,16.2,163.0,92.4,2.1,1893.0,6.3,2.2,1.5,26.2,67.4,1.3,12.1,66.8,26.4,0.6,59.8,95.0
142,07-016-2270-17-0002,Rich Township High School,Rich Twp HSD 227,Olympia Fields,Cook,High School District,High School,9 - 12,49.5,50.5,1.4,85.0,10.8,23.0,18.1,90.8,42.7,1.6,59.7,5.6,1.5,,88.6,89.9,0.0,07-016-2270-17-0002,Rich Township High School,Rich Twp HSD 227,Cook,High School,12-Sep,2024,48.2,10.1,84.5,3.7,700.0,86.4,4.8,2261.0,14.2,,83.9,7.9,11.5,1.4,17.6,59.5,1.3,0.6,44.7,90.7
143,15-016-2990-25-0536,Richards Career Academy HS,Chicago Public Schools District 299,Chicago,Cook,Unit District,High School,9 - 12,57.6,42.4,,28.0,65.8,20.4,19.1,37.2,98.0,26.6,26.4,41.6,27.1,,,,0.0,15-016-2990-25-0536,Richards Career Academy HS,Chicago Public Schools District 299,Cook,High School,12-Sep,2024,72.8,,64.0,,0.0,77.4,7.1,278.0,28.1,,33.5,47.1,60.4,34.9,18.3,96.4,,22.6,64.5,82.6
144,15-016-2990-25-0828,Rickover Naval Academy High Schl,Chicago Public Schools District 299,Chicago,Cook,Unit District,High School,9 - 12,53.4,46.6,15.5,2.3,78.4,13.7,13.5,45.0,64.5,,71.8,15.6,3.0,92.9,92.9,92.9,0.0,15-016-2990-25-0828,Rickover Naval Academy High Schl,Chicago Public Schools District 299,Cook,High School,12-Sep,2024,44.7,17.4,87.9,,148.0,87.6,,505.0,,2.0,3.0,25.3,79.8,,15.2,69.9,13.5,2.2,61.3,87.2
145,06-016-2340-16-0001,Ridgewood Comm High School,Ridgewood CHSD 234,Norridge,Cook,High School District,High School,9 - 12,,52.6,61.5,,27.9,16.6,11.2,48.5,24.4,2.0,93.3,5.0,4.2,98.7,93.3,95.2,0.9,06-016-2340-16-0001,Ridgewood Comm High School,Ridgewood CHSD 234,Cook,High School,12-Sep,2024,29.3,27.8,87.2,24.5,181.0,91.3,1.5,919.0,12.3,9.4,,21.9,28.3,2.2,10.7,24.9,60.6,5.9,70.5,95.5
146,06-016-2080-17-0001,Riverside Brookfield Twp HS,Riverside-Brookfield Twp SD 208,Riverside,Cook,High School District,High School,9 - 12,50.7,49.3,45.2,4.6,43.7,22.1,12.5,82.1,12.5,1.2,86.1,11.2,1.9,96.8,95.9,92.9,0.0,06-016-2080-17-0001,Riverside Brookfield Twp HS,Riverside-Brookfield Twp SD 208,Cook,High School,12-Sep,2024,19.9,41.0,94.9,39.1,590.0,93.0,0.8,1637.0,7.4,1.7,5.4,6.0,43.2,1.3,13.2,13.7,45.4,2.5,79.1,96.7
147,05-016-2140-17-0007,Rolling Meadows High School,Township HSD 214,Rolling Meadows,Cook,High School District,High School,9 - 12,52.0,,46.3,3.8,38.9,21.6,9.4,53.4,30.4,1.5,83.6,8.4,7.2,96.9,87.6,82.2,0.4,05-016-2140-17-0007,Rolling Meadows High School,Township HSD 214,Cook,High School,12-Sep,2024,35.5,42.0,88.6,35.4,754.0,88.0,1.3,1901.0,15.4,7.4,3.7,20.7,39.3,1.3,9.7,27.9,46.3,2.6,81.1,93.2
148,15-016-2990-25-0035,Roosevelt High School,Chicago Public Schools District 299,Chicago,Cook,Unit District,High School,9 - 12,48.6,51.4,3.8,5.4,80.6,20.7,15.6,16.7,88.0,7.5,57.3,27.8,19.4,,75.0,75.8,0.0,15-016-2990-25-0035,Roosevelt High School,Chicago Public Schools District 299,Cook,High School,12-Sep,2024,67.4,5.1,75.2,4.0,84.0,77.3,5.2,1094.0,24.2,8.0,7.1,61.5,77.7,4.3,16.5,85.9,4.7,9.9,58.6,93.5
149,05-016-2110-17-0004,Schaumburg High School,Township HSD 211,Schaumburg,Cook,High School District,High School,9 - 12,51.7,48.3,44.8,4.0,26.4,17.3,7.5,55.8,38.3,1.0,89.2,7.6,5.1,99.0,93.7,91.0,0.8,05-016-2110-17-0004,Schaumburg High School,Township HSD 211,Cook,High School,12-Sep,2024,16.7,44.5,93.4,49.5,800.0,93.3,1.0,2280.0,7.6,18.3,4.3,9.3,27.2,1.5,6.9,38.9,45.0,4.9,78.6,98.3
150,15-016-2990-25-0835,School of Social Justice HS,Chicago Public Schools District 299,Chicago,Cook,Unit District,High School,9 - 12,48.8,51.2,,17.7,81.5,13.4,13.4,29.5,93.7,13.4,44.9,35.7,21.2,,,,0.0,15-016-2990-25-0835,School of Social Justice HS,Chicago Public Schools District 299,Cook,High School,12-Sep,2024,78.4,,69.3,,22.0,74.6,3.3,299.0,18.7,,19.1,40.8,79.9,6.4,14.7,96.3,,4.3,31.3,86.8
151,15-016-2990-25-0036,Schurz High School,Chicago Public Schools District 299,Chicago,Cook,Unit District,High School,9 - 12,52.0,48.0,4.8,7.7,83.6,24.8,21.3,27.7,89.8,5.0,60.1,26.3,25.4,,80.9,79.5,0.0,15-016-2990-25-0036,Schurz High School,Chicago Public Schools District 299,Cook,High School,12-Sep,2024,73.5,9.6,76.4,5.9,222.0,75.0,4.3,1219.0,17.5,1.7,8.4,44.1,83.3,4.8,22.6,89.6,4.6,2.7,55.4,91.9
152,15-016-2990-25-0037,Senn High School,Chicago Public Schools District 299,Chicago,Cook,Unit District,High School,9 - 12,,54.0,18.0,23.5,40.1,17.5,12.8,42.9,73.5,3.7,72.8,13.1,15.5,85.1,78.3,77.4,0.0,15-016-2990-25-0037,Senn High School,Chicago Public Schools District 299,Cook,High School,12-Sep,2024,67.4,24.0,83.7,14.7,432.0,79.1,3.5,1448.0,19.0,12.7,25.4,27.6,40.3,2.7,12.8,74.2,18.4,1.3,76.7,80.4
153,15-016-2990-25-0537,Simeon Career Academy High School,Chicago Public Schools District 299,Chicago,Cook,Unit District,High School,9 - 12,49.2,50.8,,97.5,1.6,15.1,15.0,98.9,70.4,6.2,31.5,3.6,9.7,,86.8,86.8,0.0,15-016-2990-25-0537,Simeon Career Academy High School,Chicago Public Schools District 299,Cook,High School,12-Sep,2024,71.4,7.0,85.6,8.9,209.0,80.1,2.6,1067.0,7.3,,98.2,,1.0,6.9,14.8,90.8,,0.1,24.4,86.0
154,15-016-2990-25-0859,Solorio Academy High School,Chicago Public Schools District 299,Chicago,Cook,Unit District,High School,9 - 12,55.9,44.1,1.0,1.0,97.1,16.0,10.7,26.9,90.4,1.0,43.9,35.2,13.7,,78.6,86.2,0.0,15-016-2990-25-0859,Solorio Academy High School,Chicago Public Schools District 299,Cook,High School,12-Sep,2024,37.8,18.0,87.6,18.7,312.0,88.7,3.1,1231.0,6.6,,1.1,31.7,97.0,1.1,11.7,90.7,0.9,2.2,55.4,93.3
155,15-016-2990-25-0860,South Shore Intl Col Prep HS,Chicago Public Schools District 299,Chicago,Cook,Unit District,High School,9 - 12,39.1,60.9,,95.5,3.5,12.0,12.0,95.3,72.7,4.9,21.5,14.3,13.4,,84.6,84.6,0.0,15-016-2990-25-0860,South Shore Intl Col Prep HS,Chicago Public Schools District 299,Cook,High School,12-Sep,2024,73.3,8.6,80.9,7.3,0.0,80.7,2.2,562.0,4.6,,96.1,,3.4,6.2,11.7,72.2,,0.9,40.0,76.6
156,07-016-9010-25-001C,Southland College Prep Charter High School,Southland College Prep Charter High School,Richton Park,Cook,Unit District,High School,9 - 12,46.7,53.3,,90.6,5.4,16.5,11.1,95.3,45.3,,33.7,6.9,,,94.7,100.0,0.0,07-016-9010-25-001C,Southland College Prep Charter High School,Southland College Prep Charter High School,Cook,High School,12-Sep,2024,9.1,32.2,97.8,18.8,118.0,94.1,,578.0,5.3,,88.8,,4.7,1.9,11.8,60.2,,0.0,39.5,86.0
157,15-016-2990-25-0818,Spry Community Links High School,Chicago Public Schools District 299,Chicago,Cook,Unit District,High School,9 - 12,64.6,35.4,,,96.3,18.3,18.3,,80.5,,68.8,17.8,11.2,,,,0.0,15-016-2990-25-0818,Spry Community Links High School,Chicago Public Schools District 299,Cook,High School,12-Sep,2024,77.4,,84.6,,16.0,77.4,,60.0,52.8,,,70.0,98.3,,30.0,90.0,,6.8,40.5,83.3
158,15-016-2990-25-0041,Steinmetz College Prep HS,Chicago Public Schools District 299,Chicago,Cook,Unit District,High School,9 - 12,47.7,52.3,7.4,16.6,74.6,20.1,16.0,33.8,87.5,7.9,52.3,32.4,29.1,,73.3,77.8,0.0,15-016-2990-25-0041,Steinmetz College Prep HS,Chicago Public Schools District 299,Cook,High School,12-Sep,2024,73.2,3.7,67.8,3.3,26.0,75.6,7.3,1164.0,23.3,,15.5,43.1,75.8,7.2,16.6,89.4,7.3,13.0,52.0,90.4
159,15-016-2990-25-0042,Sullivan High School,Chicago Public Schools District 299,Chicago,Cook,Unit District,High School,9 - 12,51.5,48.5,15.9,29.7,37.6,22.1,19.1,24.9,77.5,39.0,68.2,16.7,14.9,88.9,75.0,76.9,0.0,15-016-2990-25-0042,Sullivan High School,Chicago Public Schools District 299,Cook,High School,12-Sep,2024,77.0,6.2,68.7,,1.0,71.7,4.6,721.0,30.6,10.1,30.8,57.3,41.7,37.9,21.2,78.2,14.6,0.0,58.8,86.0
160,15-016-2990-25-0043,Taft High School,Chicago Public Schools District 299,Chicago,Cook,Unit District,High School,7 - 12,50.4,,39.7,2.8,44.9,19.1,11.2,53.4,49.8,1.7,71.4,16.0,11.4,93.0,85.9,82.3,0.0,15-016-2990-25-0043,Taft High School,Chicago Public Schools District 299,Cook,High School,12-Jul,2024,60.0,34.5,84.4,25.9,1469.0,81.0,2.7,4231.0,9.7,7.1,2.8,20.7,43.8,1.8,11.9,53.7,41.5,3.7,45.7,93.9
161,15-016-2990-25-0022,Thomas Kelly College Preparatory,Chicago Public Schools District 299,Chicago,Cook,Unit District,High School,9 - 12,50.8,49.2,1.4,1.9,86.3,20.8,16.4,19.1,94.1,4.6,44.0,42.9,8.4,,77.1,77.2,0.0,15-016-2990-25-0022,Thomas Kelly College Preparatory,Chicago Public Schools District 299,Cook,High School,12-Sep,2024,66.7,8.6,72.1,5.0,312.0,78.9,5.3,1685.0,13.8,11.3,2.8,46.1,84.3,2.8,17.3,95.0,1.3,0.8,34.6,91.6
162,07-016-2050-17-0002,Thornridge High School,Thornton Twp HSD 205,Dolton,Cook,High School District,High School,9 - 12,51.3,48.7,,89.0,8.4,17.8,15.1,91.0,85.8,21.8,56.8,4.7,4.1,,84.2,88.2,0.2,07-016-2050-17-0002,Thornridge High School,Thornton Twp HSD 205,Cook,High School,12-Sep,2024,46.8,8.7,80.2,,59.0,88.1,5.3,789.0,24.4,,90.1,6.1,7.5,18.5,15.0,79.7,,0.2,75.0,87.9
163,07-016-2150-17-0001,Thornton Fractnl No High School,Thornton Fractional Twp HSD 215,Calumet City,Cook,High School District,High School,9 - 12,49.2,50.8,0.8,60.2,38.3,11.9,11.9,70.7,79.7,1.6,78.3,,14.2,,88.4,88.4,0.0,07-016-2150-17-0001,Thornton Fractnl No High School,Thornton Fractional Twp HSD 215,Cook,High School,12-Sep,2024,21.8,10.1,86.3,6.4,201.0,92.8,3.8,1237.0,14.4,,62.2,17.2,35.7,1.8,13.4,66.5,0.9,37.4,54.9,92.1
164,07-016-2150-17-0002,Thornton Fractnl So High School,Thornton Fractional Twp HSD 215,Lansing,Cook,High School District,High School,9 - 12,47.2,52.8,5.4,67.6,25.4,13.4,13.4,82.1,67.3,4.0,91.5,,9.3,100.0,85.7,85.7,0.0,07-016-2150-17-0002,Thornton Fractnl So High School,Thornton Fractional Twp HSD 215,Cook,High School,12-Sep,2024,19.1,17.2,94.7,9.9,177.0,93.6,2.9,1740.0,10.6,,66.5,9.1,24.7,2.8,12.9,50.0,6.7,12.6,61.8,96.3
165,07-016-2050-17-0001,Thornton Township High School,Thornton Twp HSD 205,Harvey,Cook,High School District,High School,9 - 12,50.9,49.1,3.3,64.3,30.2,14.2,11.7,69.8,87.4,8.5,50.2,8.4,8.5,,78.6,80.6,0.1,07-016-2050-17-0001,Thornton Township High School,Thornton Twp HSD 205,Cook,High School,12-Sep,2024,49.7,9.6,80.5,7.8,88.0,87.2,4.2,1485.0,19.2,1.2,64.7,20.9,29.5,5.3,6.2,92.3,3.1,6.0,74.5,90.0
166,07-016-2050-17-0003,Thornwood High School,Thornton Twp HSD 205,South Holland,Cook,High School District,High School,9 - 12,50.9,49.1,1.8,81.8,14.3,18.4,15.6,88.2,72.4,4.0,55.5,6.4,2.6,76.9,91.3,93.3,0.4,07-016-2050-17-0003,Thornwood High School,Thornton Twp HSD 205,Cook,High School,12-Sep,2024,49.0,10.8,85.0,4.3,157.0,87.6,4.2,1776.0,19.1,,81.4,9.3,14.6,3.2,17.3,71.7,1.5,0.1,85.5,92.2
167,15-016-2990-25-0044,Tilden Career Communty Academy HS,Chicago Public Schools District 299,Chicago,Cook,Unit District,High School,9 - 12,54.9,45.1,7.3,32.9,57.3,31.7,28.5,48.4,86.6,34.1,42.0,29.4,36.2,,,,0.0,15-016-2990-25-0044,Tilden Career Communty Academy HS,Chicago Public Schools District 299,Cook,High School,12-Sep,2024,79.3,,51.2,,0.0,72.6,7.1,226.0,31.3,,39.8,33.6,46.0,27.0,31.0,85.4,10.6,2.2,63.5,89.3
168,07-016-2280-16-0002,Tinley Park High School,Bremen CHSD 228,Tinley Park,Cook,High School District,High School,9 - 12,49.4,50.6,42.5,23.9,26.9,19.9,11.6,82.2,22.2,,80.5,,5.5,96.7,96.3,93.9,0.0,07-016-2280-16-0002,Tinley Park High School,Bremen CHSD 228,Cook,High School,12-Sep,2024,20.8,23.8,92.2,21.8,279.0,93.2,1.4,996.0,7.5,3.1,23.7,6.5,26.8,,11.1,23.8,42.4,0.0,71.3,93.9
169,15-016-2990-25-0829,Uplift Community High School,Chicago Public Schools District 299,Chicago,Cook,Unit District,High School,9 - 12,55.2,44.8,,59.7,32.1,33.5,33.5,66.5,71.9,19.0,64.1,20.1,6.8,,70.8,70.8,0.0,15-016-2990-25-0829,Uplift Community High School,Chicago Public Schools District 299,Cook,High School,12-Sep,2024,74.1,,59.1,,10.0,77.4,,158.0,29.1,,57.6,32.9,34.2,25.3,40.5,82.3,,9.0,88.5,57.7
170,15-016-2990-25-013C,Urban Prep Chtr Acad Bronzeville HS,Chicago Public Schools District 299,Chicago,Cook,Unit District,High School,9 - 12,,,,94.4,,21.7,21.7,,81.8,19.6,,,,,100.0,100.0,0.0,15-016-2990-25-013C,Urban Prep Chtr Acad Bronzeville HS,Chicago Public Schools District 299,Cook,High School,12-Sep,2024,27.9,,82.3,,152.0,91.0,,165.0,19.4,,97.0,,,10.9,23.0,90.9,,0.0,100.0,50.0
171,15-016-2990-25-010C,Urban Prep Chtr Acad Englewood HS,Chicago Public Schools District 299,Chicago,Cook,Unit District,High School,9 - 12,100.0,,,92.8,,30.1,30.1,91.6,91.6,,10.0,10.0,,,,,0.0,15-016-2990-25-010C,Urban Prep Chtr Acad Englewood HS,Chicago Public Schools District 299,Cook,High School,12-Sep,2024,26.3,,83.3,,152.0,92.2,,91.0,15.9,,96.7,,,,23.1,92.3,,0.0,72.4,6.7
172,07-016-2300-13-0003,Victor J Andrew High School,Cons HSD 230,Orland Hills,Cook,High School District,High School,9 - 12,52.2,47.8,57.4,6.5,16.5,12.5,12.5,79.1,23.4,0.8,95.8,2.8,14.7,96.7,93.8,93.8,0.0,07-016-2300-13-0003,Victor J Andrew High School,Cons HSD 230,Cook,High School,12-Sep,2024,14.9,35.6,96.1,30.8,777.0,94.3,0.8,2207.0,4.1,4.3,5.8,6.4,15.1,0.6,12.6,23.4,72.2,5.5,72.9,91.8
173,15-016-2990-25-0046,Von Steuben Metro Science HS,Chicago Public Schools District 299,Chicago,Cook,Unit District,High School,9 - 12,51.4,48.6,17.9,8.5,55.2,7.3,7.2,44.2,60.8,,53.7,29.4,4.5,95.5,76.7,76.7,0.0,15-016-2990-25-0046,Von Steuben Metro Science HS,Chicago Public Schools District 299,Cook,High School,12-Sep,2024,42.1,34.3,94.1,30.0,722.0,88.3,1.4,1668.0,2.2,14.4,9.7,13.5,55.5,,6.9,60.4,17.1,0.8,55.6,94.0
174,15-016-2990-25-0863,Walter Henri Dyett High School for the Arts,Chicago Public Schools District 299,Chicago,Cook,Unit District,High School,9 - 12,49.4,50.6,,96.7,2.5,17.5,16.5,97.3,83.3,7.1,9.6,15.9,41.3,,81.3,78.6,0.0,15-016-2990-25-0863,Walter Henri Dyett High School for the Arts,Chicago Public Schools District 299,Cook,High School,12-Sep,2024,74.7,,87.0,,91.0,77.0,3.6,500.0,16.2,,97.2,,,8.4,18.4,85.4,,9.3,50.0,76.7
175,15-016-2990-25-0048,Washington G High School,Chicago Public Schools District 299,Chicago,Cook,Unit District,High School,9 - 12,53.4,46.6,3.4,6.8,89.2,21.6,16.1,42.6,81.1,2.7,44.6,37.1,12.6,91.7,79.2,78.2,0.0,15-016-2990-25-0048,Washington G High School,Chicago Public Schools District 299,Cook,High School,12-Sep,2024,68.3,8.1,85.3,6.4,292.0,80.9,2.8,1499.0,10.1,,8.0,28.5,87.5,2.5,17.3,85.5,3.3,7.9,42.9,92.3
176,15-016-2990-25-0049,Wells Community Academy HS,Chicago Public Schools District 299,Chicago,Cook,Unit District,High School,9 - 12,49.6,50.4,8.9,38.2,50.4,18.7,17.0,52.6,78.3,32.9,61.7,26.6,27.5,,,,0.0,15-016-2990-25-0049,Wells Community Academy HS,Chicago Public Schools District 299,Cook,High School,12-Sep,2024,80.5,,73.7,,77.0,73.7,5.9,345.0,41.1,,39.4,38.6,43.8,15.7,18.6,84.3,14.2,4.7,42.4,89.2
177,06-016-2120-16-0002,West Leyden High School,Leyden CHSD 212,Northlake,Cook,High School District,High School,9 - 12,53.3,46.7,10.2,1.5,84.5,17.3,17.3,34.0,57.6,,90.9,0.8,1.6,96.7,79.4,79.4,0.0,06-016-2120-16-0002,West Leyden High School,Leyden CHSD 212,Cook,High School,12-Sep,2024,32.2,18.4,84.3,14.1,404.0,89.4,3.2,1696.0,17.7,2.0,1.7,24.9,83.9,0.7,16.6,41.6,11.5,13.1,55.1,91.4
178,15-016-2990-25-0857,Westinghouse High School,Chicago Public Schools District 299,Chicago,Cook,Unit District,High School,9 - 12,43.3,56.7,2.7,46.9,42.4,8.6,8.6,65.9,59.9,3.8,49.7,20.3,5.9,83.3,69.2,69.2,0.0,15-016-2990-25-0857,Westinghouse High School,Chicago Public Schools District 299,Cook,High School,12-Sep,2024,61.5,31.1,92.9,19.5,620.0,84.9,,1225.0,4.2,6.3,46.9,6.5,42.0,3.0,8.3,72.7,2.5,0.0,49.7,89.5
179,05-016-2140-17-0006,Wheeling High School,Township HSD 214,Wheeling,Cook,High School District,High School,9 - 12,51.6,48.4,25.3,3.0,63.0,20.0,11.2,25.9,47.0,6.0,74.7,13.2,3.7,94.5,89.7,89.7,0.1,05-016-2140-17-0006,Wheeling High School,Township HSD 214,Cook,High School,12-Sep,2024,36.6,28.0,86.1,26.2,458.0,87.4,1.1,1623.0,16.0,7.0,2.7,33.0,63.8,5.2,12.0,46.2,24.5,0.3,81.9,94.1
180,15-016-2990-25-0856,Williams Medical Prep High Sch,Chicago Public Schools District 299,Chicago,Cook,Unit District,High School,9 - 12,25.0,75.0,,95.8,,13.9,13.9,94.4,75.0,,39.4,5.9,0.0,,,,0.0,15-016-2990-25-0856,Williams Medical Prep High Sch,Chicago Public Schools District 299,Cook,High School,12-Sep,2024,54.3,,93.3,,3.0,85.4,,79.0,,,97.5,,,,15.2,81.0,,4.8,51.7,77.8
181,05-016-2110-17-0002,Wm Fremd High School,Township HSD 211,Palatine,Cook,High School District,High School,9 - 12,,50.1,45.3,3.7,13.4,20.3,7.1,70.2,22.2,0.8,84.7,7.5,2.6,99.0,96.9,95.6,0.2,05-016-2110-17-0002,Wm Fremd High School,Township HSD 211,Cook,High School,12-Sep,2024,11.3,60.2,95.8,61.1,1267.0,94.9,0.4,2568.0,5.6,32.3,4.1,9.0,13.9,0.7,7.3,22.3,45.4,2.0,82.4,97.1
182,15-016-2990-25-0830,World Language High School,Chicago Public Schools District 299,Chicago,Cook,Unit District,High School,9 - 12,45.8,54.2,,,95.2,19.8,19.8,13.8,93.4,8.2,39.1,40.0,24.4,,57.9,57.9,0.0,15-016-2990-25-0830,World Language High School,Chicago Public Schools District 299,Cook,High School,12-Sep,2024,53.4,,79.2,,70.0,83.5,3.3,323.0,19.0,,,52.0,96.9,,25.1,87.3,,1.6,42.1,91.7
183,15-016-2990-25-073C,YCCS Chtr - Chatham,Chicago Public Schools District 299,Chicago,Cook,Unit District,High School,9 - 12,49.0,51.0,,95.1,,19.6,19.6,,98.0,23.5,,,,,,,0.0,15-016-2990-25-073C,YCCS Chtr - Chatham,Chicago Public Schools District 299,Cook,High School,12-Sep,2024,74.5,,52.9,,0.0,60.8,16.6,99.0,82.7,,96.0,,,15.2,13.1,91.9,,0.0,66.7,66.7
184,15-016-2990-25-071C,YCCS West,Chicago Public Schools District 299,Chicago,Cook,Unit District,High School,9 - 12,53.2,46.8,,82.3,,17.7,17.7,91.1,97.5,,100.0,,,,,,0.0,15-016-2990-25-071C,YCCS West,Chicago Public Schools District 299,Cook,High School,12-Sep,2024,84.5,,56.2,,0.0,61.3,20.2,67.0,93.3,,80.6,,17.9,,17.9,97.0,,0.0,75.0,50.0
185,15-016-2990-25-055C,YCCS- McKinley-Lakeside Leadership Academy,Chicago Public Schools District 299,Chicago,Cook,Unit District,High School,9 - 12,39.6,60.4,,96.9,,17.7,17.7,,95.8,16.7,20.0,,,,,,0.0,15-016-2990-25-055C,YCCS- McKinley-Lakeside Leadership Academy,Chicago Public Schools District 299,Cook,High School,12-Sep,2024,87.7,,50.0,,0.0,67.4,30.8,96.0,85.5,,93.8,,,20.8,18.8,92.7,,0.0,71.4,70.4
186,15-016-2990-25-056C,YCCS-ASPIRA Pantoja Alt HS,Chicago Public Schools District 299,Chicago,Cook,Unit District,High School,9 - 12,57.7,42.3,,,92.9,9.7,9.7,25.5,95.4,17.9,90.0,,,,,,0.0,15-016-2990-25-056C,YCCS-ASPIRA Pantoja Alt HS,Chicago Public Schools District 299,Cook,High School,12-Sep,2024,91.7,,39.0,,0.0,64.3,23.3,194.0,90.8,,,53.6,92.8,33.5,11.9,97.4,,0.0,44.4,80.0
187,15-016-2990-25-062C,YCCS-Albizu Campos Puerto Rican HS,Chicago Public Schools District 299,Chicago,Cook,Unit District,High School,9 - 12,55.0,45.0,,16.1,81.1,7.8,7.8,40.0,92.2,16.7,75.0,12.5,,,,,0.0,15-016-2990-25-062C,YCCS-Albizu Campos Puerto Rican HS,Chicago Public Schools District 299,Cook,High School,12-Sep,2024,90.8,,37.8,,0.0,70.8,36.1,164.0,87.8,,23.2,21.3,70.1,29.9,14.0,88.4,,0.0,50.0,87.1
188,15-016-2990-25-057C,YCCS-Association House,Chicago Public Schools District 299,Chicago,Cook,Unit District,High School,9 - 12,46.5,53.5,,35.6,62.4,16.8,16.8,67.3,92.1,11.9,50.0,50.0,,,,,0.0,15-016-2990-25-057C,YCCS-Association House,Chicago Public Schools District 299,Cook,High School,12-Sep,2024,99.4,,37.5,,0.0,53.5,34.2,99.0,81.4,,45.5,21.2,52.5,,11.1,88.9,,0.0,50.0,54.2
189,15-016-2990-25-059C,YCCS-CCA Academy HS,Chicago Public Schools District 299,Chicago,Cook,Unit District,High School,9 - 12,47.5,52.5,,,,20.5,20.5,95.9,99.2,32.8,85.7,,,,,,0.0,15-016-2990-25-059C,YCCS-CCA Academy HS,Chicago Public Schools District 299,Cook,High School,12-Sep,2024,92.6,,68.5,,0.0,56.9,11.9,77.0,86.9,,94.8,,,40.3,24.7,96.1,,0.0,100.0,69.2
190,15-016-2990-25-061C,YCCS-Community Youth Dev Inst HS,Chicago Public Schools District 299,Chicago,Cook,Unit District,High School,9 - 12,47.6,52.4,,96.3,,18.3,18.3,,87.8,15.9,,,,,,,0.0,15-016-2990-25-061C,YCCS-Community Youth Dev Inst HS,Chicago Public Schools District 299,Cook,High School,12-Sep,2024,93.4,,27.8,,0.0,69.8,37.6,83.0,86.8,,94.0,,,27.7,18.1,92.8,,0.0,75.4,70.6
191,15-016-2990-25-063C,YCCS-Innovations of Arts Integr HS,Chicago Public Schools District 299,Chicago,Cook,Unit District,High School,9 - 12,48.0,52.0,,88.0,9.9,12.3,12.3,94.5,89.0,8.4,40.0,,,,,,0.0,15-016-2990-25-063C,YCCS-Innovations of Arts Integr HS,Chicago Public Schools District 299,Cook,High School,12-Sep,2024,93.5,,48.6,,0.0,48.1,23.6,498.0,80.8,,88.8,2.6,10.0,3.0,17.7,96.2,,0.0,,74.3
192,15-016-2990-25-065C,YCCS-Latino Youth Alternative HS,Chicago Public Schools District 299,Chicago,Cook,Unit District,High School,9 - 12,49.7,50.3,,,94.6,14.4,14.4,28.1,93.4,26.3,44.4,33.3,,,,,0.0,15-016-2990-25-065C,YCCS-Latino Youth Alternative HS,Chicago Public Schools District 299,Cook,High School,12-Sep,2024,91.5,,20.7,,0.0,61.9,39.7,157.0,93.2,,,42.0,93.6,26.8,14.0,92.4,,0.0,96.2,82.6
193,15-016-2990-25-066C,YCCS-Olive Harvey Mid College HS,Chicago Public Schools District 299,Chicago,Cook,Unit District,High School,9 - 12,56.5,43.5,,86.3,13.7,13.7,13.7,88.7,89.5,11.3,16.7,16.7,,,,,0.0,15-016-2990-25-066C,YCCS-Olive Harvey Mid College HS,Chicago Public Schools District 299,Cook,High School,12-Sep,2024,90.8,,21.0,,0.0,61.7,35.1,130.0,84.3,,80.8,,17.7,15.4,8.5,85.4,,0.0,100.0,100.0
194,15-016-2990-25-060C,YCCS-Progressive Leadership Academy,Chicago Public Schools District 299,Chicago,Cook,Unit District,High School,9 - 12,40.7,59.3,,,,13.6,13.6,100.0,83.9,29.7,,,,,,,0.0,15-016-2990-25-060C,YCCS-Progressive Leadership Academy,Chicago Public Schools District 299,Cook,High School,12-Sep,2024,83.9,,65.4,,0.0,65.2,16.0,131.0,92.6,,97.7,,,47.3,13.7,90.8,,0.0,100.0,63.6
195,15-016-2990-25-054C,YCCS-Scholastic Achievement HS,Chicago Public Schools District 299,Chicago,Cook,Unit District,High School,9 - 12,48.3,51.7,,90.5,,15.5,15.5,94.8,94.0,,57.1,14.3,,,,,0.0,15-016-2990-25-054C,YCCS-Scholastic Achievement HS,Chicago Public Schools District 299,Cook,High School,12-Sep,2024,83.3,,60.0,,0.0,62.0,22.3,113.0,86.2,,96.5,,,17.7,17.7,95.6,,0.0,100.0,46.7
196,15-016-2990-25-067C,YCCS-Sullivan House Alt HS,Chicago Public Schools District 299,Chicago,Cook,Unit District,High School,9 - 12,52.6,47.4,,90.5,,10.6,10.6,96.0,98.5,20.8,62.5,,,,,,0.0,15-016-2990-25-067C,YCCS-Sullivan House Alt HS,Chicago Public Schools District 299,Cook,High School,12-Sep,2024,49.5,,36.1,,0.0,83.8,4.6,333.0,59.1,,89.8,,9.0,22.8,17.4,99.7,,0.0,100.0,91.4
197,15-016-2990-25-068C,YCCS-Truman Middle College HS,Chicago Public Schools District 299,Chicago,Cook,Unit District,High School,9 - 12,59.7,40.3,8.8,22.7,50.8,11.6,11.6,39.2,80.1,22.1,76.9,,,,,,0.0,15-016-2990-25-068C,YCCS-Truman Middle College HS,Chicago Public Schools District 299,Cook,High School,12-Sep,2024,91.9,,27.8,,0.0,63.5,31.9,185.0,94.7,9.7,21.6,28.6,54.1,6.5,7.6,82.7,10.3,0.0,85.7,79.5
198,15-016-2990-25-070C,YCCS-West Town Academy Alt HS,Chicago Public Schools District 299,Chicago,Cook,Unit District,High School,9 - 12,59.6,40.4,,76.3,21.1,13.2,13.2,86.8,87.7,20.2,40.0,20.0,,,,,0.0,15-016-2990-25-070C,YCCS-West Town Academy Alt HS,Chicago Public Schools District 299,Cook,High School,12-Sep,2024,90.2,,41.4,,0.0,59.8,26.0,94.0,90.2,,84.0,,14.9,27.7,14.9,83.0,,0.0,18.3,72.0
199,15-016-2990-25-072C,YCCS-Youth Connection Leadership Academy,Chicago Public Schools District 299,Chicago,Cook,Unit District,High School,9 - 12,59.6,40.4,,75.8,,12.1,12.1,84.8,84.8,25.3,40.0,20.0,,,,,0.0,15-016-2990-25-072C,YCCS-Youth Connection Leadership Academy,Chicago Public Schools District 299,Cook,High School,12-Sep,2024,80.5,,61.8,,0.0,69.3,26.7,130.0,83.9,,81.5,,17.7,26.2,14.6,89.2,,0.0,80.0,70.0
200,15-016-2990-25-0764,Young Magnet High School,Chicago Public Schools District 299,Chicago,Cook,Unit District,High School,7 - 12,,50.3,24.0,18.5,27.6,8.9,8.9,75.2,33.0,0.5,56.8,8.5,9.5,98.3,94.1,94.1,0.0,15-016-2990-25-0764,Young Magnet High School,Chicago Public Schools District 299,Cook,High School,12-Jul,2024,15.5,88.8,94.0,88.6,1098.0,93.7,0.5,2213.0,1.3,24.8,17.9,3.6,28.4,,9.2,34.7,24.1,0.0,59.3,89.7
